customer_id,segment,first_purchase_date,last_purchase_date,signup_channel,region,age_band
100000,Regular,2023-04-10,2023-10-21,Web,South,35-44
100001,Regular,2023-05-09,2024-11-18,Web,North,55+
100002,Bargain,2023-01-22,2024-10-02,Web,North,55+
100003,Regular,2023-01-20,2024-06-02,Web,West,45-54
100004,Value,2023-02-02,2024-06-07,App,North,18-24
100005,Bargain,2023-02-08,2024-12-30,Store,North,25-34
100006,Regular,2023-04-13,2024-12-22,Store,South,25-34
100007,Regular,2023-02-01,2024-05-09,Store,North,35-44
100008,Value,2023-01-06,2024-12-22,Store,North,35-44
100009,Regular,2023-03-07,2024-12-02,Web,South,45-54
100010,Regular,2023-01-22,2024-04-01,Web,West,18-24
100011,Bargain,2023-01-08,2024-11-29,App,East,45-54
100012,Regular,2023-02-19,2024-03-23,App,South,25-34
100013,Bargain,2023-04-13,2024-07-30,App,West,55+
100014,Regular,2023-02-06,2024-01-14,App,North,45-54
100015,Regular,2023-01-13,2024-10-17,Store,West,55+
100016,Regular,2023-03-06,2024-12-03,App,West,25-34
100017,Value,2023-02-01,2024-11-19,Web,South,55+
100018,Bargain,2023-01-18,2024-12-21,App,South,45-54
100019,Regular,2023-01-26,2024-11-22,App,North,35-44
100020,Regular,2023-02-22,2024-12-24,App,East,35-44
100021,Regular,2023-01-15,2024-12-30,Web,West,25-34
100022,Bargain,2023-01-20,2024-09-23,App,North,25-34
100023,Bargain,2023-03-12,2024-12-22,App,South,18-24
100024,Regular,2023-01-10,2024-04-21,Web,West,18-24
100025,Value,2023-02-03,2024-12-24,App,North,55+
100026,Regular,2023-01-21,2024-11-15,Web,North,25-34
100027,Value,2023-02-09,2023-12-24,App,West,35-44
100028,Value,2023-01-03,2024-12-23,App,North,35-44
100029,Regular,2023-03-12,2024-11-24,Web,South,35-44
100030,Regular,2023-02-09,2024-09-27,Web,West,35-44
100031,Bargain,2023-03-19,2024-12-04,App,South,25-34
100032,Regular,2023-02-05,2024-10-29,Web,South,45-54
100033,Regular,2023-02-01,2024-11-07,App,East,55+
100034,Regular,2023-01-25,2024-12-24,Web,South,18-24
100035,Value,2023-01-10,2024-09-18,Web,North,45-54
100036,Value,2023-02-05,2024-12-27,App,East,55+
100037,Regular,2023-12-12,2023-12-12,App,North,35-44
100038,Regular,2023-01-03,2024-12-29,Web,East,18-24
100039,Regular,2023-01-10,2024-11-27,Store,East,18-24
100040,Regular,2023-01-22,2024-05-23,Web,West,55+
100041,Bargain,2023-01-12,2023-08-13,App,West,25-34
100042,Regular,2023-06-24,2024-12-03,App,South,18-24
100043,Regular,2023-03-30,2024-12-02,Web,West,45-54
100044,Bargain,2023-01-04,2024-09-02,App,North,25-34
100045,Bargain,2023-01-03,2024-12-20,Web,East,45-54
100046,Regular,2023-01-07,2023-11-14,Web,West,25-34
100047,Regular,2023-03-08,2024-10-21,Web,East,35-44
100048,Regular,2023-01-11,2024-06-08,App,East,25-34
100049,Value,2023-01-11,2024-12-31,App,North,18-24
100050,Value,2023-01-20,2023-10-04,App,North,35-44
100051,Value,2023-01-09,2024-11-10,App,East,25-34
100052,Regular,2023-01-28,2024-11-12,App,West,35-44
100053,Regular,2023-01-17,2024-11-17,Store,South,35-44
100054,Regular,2023-01-18,2024-12-22,Web,South,25-34
100055,Regular,2023-01-14,2023-04-17,App,East,18-24
100056,Regular,2023-01-21,2024-11-17,App,North,35-44
100057,Regular,2023-01-20,2024-12-09,Web,North,25-34
100058,Value,2023-01-07,2024-12-18,Store,North,25-34
100059,Value,2023-01-01,2024-07-11,Web,South,35-44
100060,Regular,2023-07-04,2024-06-02,Web,West,35-44
100061,Regular,2023-01-03,2024-05-22,App,East,35-44
100062,Regular,2023-06-23,2024-02-01,Web,East,25-34
100063,Regular,2023-01-06,2024-08-17,Web,South,35-44
100064,Regular,2023-01-10,2024-12-03,App,West,45-54
100065,Regular,2023-05-27,2024-12-17,App,East,45-54
100066,Regular,2023-07-04,2024-10-17,App,West,25-34
100067,Regular,2023-01-11,2024-12-04,App,East,55+
100068,Value,2023-04-11,2024-07-13,App,West,35-44
100069,Regular,2023-01-05,2024-12-07,App,North,25-34
100070,Regular,2023-01-09,2024-05-01,App,East,55+
100071,Regular,2023-03-02,2024-11-17,Web,East,35-44
100072,Bargain,2023-01-26,2024-11-23,App,East,25-34
100073,Regular,2023-02-27,2024-12-18,App,North,35-44
100074,Value,2023-01-03,2024-11-18,Web,South,25-34
100075,Regular,2023-03-01,2024-05-26,App,West,25-34
100076,Regular,2023-02-16,2024-12-07,Store,East,25-34
100077,Regular,2023-04-30,2024-05-31,App,East,55+
100078,Regular,2023-08-27,2024-02-20,App,South,55+
100079,Regular,2023-01-03,2024-11-01,Store,North,18-24
100080,Regular,2023-06-16,2024-11-01,App,West,55+
100081,Regular,2023-01-22,2024-12-14,Web,South,25-34
100082,Bargain,2023-01-09,2024-12-06,Web,South,18-24
100083,Value,2023-01-03,2024-02-19,App,South,35-44
100084,Value,2023-01-20,2024-12-27,App,North,18-24
100085,Value,2023-03-09,2024-12-25,Web,West,25-34
100086,Regular,2023-01-23,2024-12-28,Web,South,35-44
100087,Regular,2023-01-11,2024-07-14,App,South,35-44
100088,Value,2023-02-21,2024-12-17,App,South,18-24
100089,Regular,2023-05-08,2023-12-05,App,North,25-34
100090,Value,2023-01-02,2024-12-12,App,West,25-34
100091,Regular,2023-01-22,2024-11-16,App,North,45-54
100092,Regular,2023-01-05,2024-08-10,App,South,45-54
100093,Regular,2023-01-01,2024-12-16,Web,South,35-44
100094,Regular,2023-03-08,2024-12-24,App,North,25-34
100095,Regular,2023-01-04,2024-11-10,Web,East,35-44
100096,Regular,2023-02-10,2024-12-27,App,North,25-34
100097,Value,2023-01-06,2024-11-10,Web,West,35-44
100098,Value,2023-01-13,2024-11-07,Store,North,35-44
100099,Bargain,2023-05-28,2024-08-03,App,North,35-44
100100,Bargain,2023-01-13,2024-10-28,Web,North,35-44
100101,Regular,2023-03-10,2023-10-03,App,West,55+
100102,Regular,2023-01-02,2024-07-16,App,North,18-24
100103,Bargain,2023-04-06,2024-10-12,App,North,55+
100104,Regular,2023-01-05,2024-12-23,Web,West,35-44
100105,Regular,2023-03-06,2024-12-19,Web,South,35-44
100106,Regular,2023-01-20,2024-10-05,App,West,55+
100107,Regular,2023-01-29,2024-04-02,App,East,25-34
100108,Value,2023-01-03,2024-12-23,App,West,18-24
100109,Bargain,2023-03-19,2024-11-24,App,North,25-34
100110,Regular,2023-04-08,2024-04-30,Web,South,35-44
100111,Regular,2023-03-12,2024-12-08,Web,South,35-44
100112,Regular,2023-02-21,2024-11-12,Web,South,45-54
100113,Regular,2023-03-06,2024-10-28,Web,South,55+
100114,Value,2023-01-02,2024-10-30,Web,East,25-34
100115,Bargain,2023-04-12,2024-11-04,App,West,25-34
100116,Regular,2023-01-20,2024-08-20,Web,East,18-24
100117,Regular,2023-01-09,2024-12-21,Web,East,45-54
100118,Regular,2023-11-12,2024-04-27,Web,East,55+
100119,Regular,2023-01-06,2024-08-02,Web,West,18-24
100120,Regular,2023-04-15,2024-08-03,Store,North,35-44
100121,Regular,2023-06-16,2024-11-02,Store,West,45-54
100122,Value,2023-01-04,2024-11-25,Web,East,35-44
100123,Regular,2023-01-21,2024-11-10,App,South,25-34
100124,Value,2023-01-14,2024-11-11,App,West,45-54
100125,Regular,2023-02-09,2024-06-20,App,South,45-54
100126,Regular,2023-02-22,2024-08-30,Web,South,25-34
100127,Value,2023-01-25,2023-10-06,Store,North,45-54
100128,Value,2023-01-06,2024-10-30,Web,West,45-54
100129,Regular,2023-02-21,2024-09-30,App,West,35-44
100130,Value,2023-01-13,2024-06-05,App,West,35-44
100131,Bargain,2023-02-07,2024-07-24,App,North,18-24
100132,Regular,2023-01-26,2023-10-25,App,West,55+
100133,Regular,2023-03-05,2024-11-05,Web,North,45-54
100134,Regular,2023-02-28,2024-11-06,App,South,35-44
100135,Value,2023-01-17,2024-12-09,App,North,35-44
100136,Bargain,2023-01-10,2023-09-02,App,East,35-44
100137,Regular,2023-01-11,2023-12-08,Web,South,25-34
100138,Regular,2023-03-17,2023-10-02,App,North,25-34
100139,Value,2023-01-08,2024-12-30,App,South,25-34
100140,Regular,2023-01-24,2024-10-23,App,South,35-44
100141,Regular,2023-02-03,2024-09-23,Web,South,25-34
100142,Bargain,2023-02-19,2024-02-01,Web,South,25-34
100143,Regular,2023-01-08,2024-12-23,App,North,25-34
100144,Regular,2023-01-15,2024-03-19,App,West,35-44
100145,Regular,2023-01-07,2024-12-23,App,East,35-44
100146,Regular,2023-02-22,2024-10-13,App,West,25-34
100147,Regular,2023-03-13,2024-12-03,App,West,25-34
100148,Regular,2023-03-21,2024-07-25,Web,North,35-44
100149,Value,2023-01-06,2023-12-31,App,North,35-44
100150,Bargain,2023-05-27,2024-08-07,Web,North,25-34
100151,Bargain,2023-03-26,2024-07-31,App,West,35-44
100152,Value,2023-02-02,2024-12-14,App,West,45-54
100153,Regular,2023-01-25,2024-06-10,Web,North,25-34
100154,Value,2023-01-12,2024-06-18,App,North,35-44
100155,Regular,2023-01-13,2023-12-16,Web,South,25-34
100156,Regular,2023-01-10,2023-10-22,App,North,18-24
100157,Regular,2023-03-08,2024-10-12,App,North,18-24
100158,Regular,2023-02-02,2024-10-18,App,North,45-54
100159,Regular,2023-01-21,2024-08-18,Store,South,35-44
100160,Value,2023-01-01,2024-11-10,App,East,45-54
100161,Bargain,2023-01-16,2024-11-16,App,West,18-24
100162,Regular,2023-03-05,2024-10-03,App,South,35-44
100163,Value,2023-01-05,2024-12-22,Store,North,18-24
100164,Regular,2023-01-01,2024-12-16,Web,East,18-24
100165,Regular,2023-01-01,2024-12-22,Web,North,25-34
100166,Bargain,2023-05-25,2024-12-31,App,East,25-34
100167,Bargain,2023-03-04,2024-11-17,Web,East,35-44
100168,Regular,2023-01-19,2023-10-27,Web,North,35-44
100169,Bargain,2023-01-25,2024-06-22,Web,South,25-34
100170,Regular,2023-01-16,2024-12-20,App,West,25-34
100171,Regular,2023-03-12,2024-09-21,Web,North,18-24
100172,Regular,2023-01-30,2024-11-10,Store,South,18-24
100173,Bargain,2023-01-24,2024-02-23,Store,East,25-34
100174,Value,2023-01-06,2024-11-12,Web,East,25-34
100175,Value,2023-03-11,2024-10-03,App,West,25-34
100176,Regular,2023-03-05,2024-07-16,App,East,35-44
100177,Bargain,2023-02-17,2023-11-21,Store,South,25-34
100178,Bargain,2023-03-30,2024-11-12,App,West,35-44
100179,Regular,2023-01-18,2024-12-31,App,West,35-44
100180,Bargain,2023-02-22,2024-07-25,Web,East,18-24
100181,Bargain,2023-06-24,2024-11-03,App,East,55+
100182,Regular,2023-01-27,2024-09-27,Web,East,25-34
100183,Regular,2023-01-11,2024-12-10,Web,South,18-24
100184,Regular,2023-01-19,2023-12-30,Web,North,18-24
100185,Regular,2023-02-13,2024-12-30,Web,South,25-34
100186,Regular,2023-07-21,2024-05-28,Store,West,25-34
100187,Value,2023-03-10,2024-11-07,App,West,45-54
100188,Regular,2023-01-04,2024-12-14,App,East,35-44
100189,Regular,2023-02-24,2024-12-06,App,North,35-44
100190,Bargain,2023-05-31,2024-12-18,Web,North,25-34
100191,Regular,2023-02-25,2024-12-01,Web,South,35-44
100192,Value,2023-01-26,2024-07-12,App,North,18-24
100193,Bargain,2023-01-28,2024-12-31,Web,North,25-34
100194,Value,2023-01-06,2024-11-28,App,East,45-54
100195,Value,2023-01-26,2024-12-22,App,South,25-34
100196,Regular,2023-06-24,2024-10-31,App,West,35-44
100197,Bargain,2023-02-08,2023-11-25,Web,East,18-24
100198,Value,2023-01-03,2024-12-28,App,East,25-34
100199,Regular,2023-01-27,2024-12-12,App,South,25-34
100200,Regular,2023-01-13,2024-04-12,App,North,35-44
100201,Bargain,2023-04-03,2024-06-22,Store,East,35-44
100202,Regular,2023-01-22,2024-08-17,Web,East,25-34
100203,Value,2023-02-12,2024-12-29,Store,South,35-44
100204,Value,2023-01-05,2024-04-16,App,North,35-44
100205,Regular,2023-01-01,2024-08-03,Web,East,18-24
100206,Value,2023-01-06,2024-11-01,Web,East,25-34
100207,Regular,2023-02-22,2024-12-21,App,South,45-54
100208,Value,2023-01-22,2024-07-15,App,South,55+
100209,Regular,2023-03-02,2024-05-31,Web,West,18-24
100210,Regular,2023-03-25,2024-12-29,Web,West,35-44
100211,Regular,2023-02-19,2023-11-03,Web,West,18-24
100212,Value,2023-01-05,2024-12-24,Web,South,55+
100213,Bargain,2023-02-08,2024-07-18,Web,North,25-34
100214,Regular,2023-01-03,2024-12-02,Web,North,18-24
100215,Regular,2023-01-15,2024-11-16,Store,West,25-34
100216,Value,2023-03-04,2024-11-15,Web,West,35-44
100217,Value,2023-01-12,2024-10-25,App,South,25-34
100218,Bargain,2023-02-04,2023-12-15,App,South,55+
100219,Regular,2023-02-01,2024-02-29,App,North,25-34
100220,Regular,2023-01-10,2024-03-11,Web,West,35-44
100221,Regular,2023-01-07,2024-12-12,App,North,18-24
100222,Regular,2023-03-16,2024-04-20,App,East,25-34
100223,Bargain,2023-05-09,2024-01-24,Web,East,35-44
100224,Regular,2023-03-17,2024-12-25,Web,North,25-34
100225,Bargain,2023-01-09,2024-06-30,Web,North,45-54
100226,Value,2023-01-13,2024-04-17,App,West,55+
100227,Regular,2023-04-24,2024-10-27,App,West,25-34
100228,Regular,2023-01-22,2024-03-27,App,North,25-34
100229,Value,2023-01-17,2023-09-03,Web,West,25-34
100230,Value,2023-01-26,2024-12-15,App,East,45-54
100231,Regular,2023-03-07,2024-12-19,App,West,25-34
100232,Bargain,2023-02-08,2024-08-08,Web,South,25-34
100233,Regular,2023-01-03,2024-11-16,Web,East,25-34
100234,Bargain,2023-02-06,2024-10-26,Web,North,25-34
100235,Bargain,2023-03-03,2024-11-29,App,West,35-44
100236,Regular,2023-01-13,2023-12-19,Web,South,45-54
100237,Regular,2023-01-06,2024-02-02,App,South,18-24
100238,Value,2023-01-14,2024-11-03,Web,East,45-54
100239,Value,2023-01-29,2024-12-30,Web,West,25-34
100240,Bargain,2023-01-28,2023-09-26,Store,East,55+
100241,Regular,2023-01-04,2023-10-08,App,East,35-44
100242,Regular,2023-01-02,2023-12-26,Web,South,45-54
100243,Regular,2023-01-20,2024-01-15,App,West,35-44
100244,Regular,2023-01-06,2024-12-29,App,West,35-44
100245,Bargain,2023-03-31,2024-12-20,Web,South,25-34
100246,Regular,2023-01-17,2024-12-25,App,East,35-44
100247,Regular,2023-01-28,2023-10-02,Web,East,18-24
100248,Regular,2023-02-26,2024-02-26,Store,East,45-54
100249,Regular,2023-01-06,2024-12-23,Web,East,55+
100250,Regular,2023-04-07,2024-12-28,App,South,45-54
100251,Bargain,2023-05-10,2023-09-11,Store,South,35-44
100252,Regular,2023-01-02,2024-02-22,App,North,35-44
100253,Regular,2023-03-01,2024-10-04,App,East,25-34
100254,Regular,2023-02-01,2024-12-05,Web,West,18-24
100255,Regular,2023-01-04,2024-12-21,Web,North,25-34
100256,Bargain,2023-01-03,2024-05-27,App,North,25-34
100257,Value,2023-04-29,2024-12-20,App,West,45-54
100258,Value,2023-01-13,2024-12-09,App,North,35-44
100259,Regular,2023-02-11,2024-03-11,App,South,35-44
100260,Value,2023-01-28,2024-11-08,Web,North,25-34
100261,Bargain,2023-01-18,2024-10-20,Web,North,25-34
100262,Regular,2023-01-31,2024-08-05,App,East,35-44
100263,Value,2023-01-06,2024-12-24,Web,East,35-44
100264,Bargain,2023-02-07,2024-07-09,Web,South,35-44
100265,Value,2023-02-18,2024-04-27,App,East,25-34
100266,Regular,2023-04-15,2024-07-08,App,North,18-24
100267,Value,2023-01-09,2024-12-05,Web,North,25-34
100268,Value,2023-01-09,2024-12-30,Web,East,35-44
100269,Value,2023-01-14,2024-12-25,Store,North,25-34
100270,Value,2023-01-04,2024-12-13,Web,North,55+
100271,Value,2023-01-24,2024-12-29,App,South,25-34
100272,Value,2023-01-01,2024-12-17,App,South,35-44
100273,Regular,2023-02-16,2024-12-28,App,South,55+
100274,Regular,2023-03-11,2024-12-09,App,South,35-44
100275,Regular,2023-01-14,2024-12-21,Web,East,35-44
100276,Regular,2023-03-03,2024-12-27,Web,North,45-54
100277,Regular,2023-03-01,2024-11-19,App,West,55+
100278,Bargain,2023-02-19,2024-12-04,App,South,25-34
100279,Bargain,2023-01-18,2024-12-22,App,North,25-34
100280,Value,2023-02-04,2024-12-05,Web,East,25-34
100281,Value,2023-01-11,2023-10-21,App,West,25-34
100282,Regular,2023-04-29,2024-12-07,Web,North,55+
100283,Regular,2023-01-04,2024-12-29,App,East,18-24
100284,Regular,2023-04-18,2024-08-02,Web,South,55+
100285,Regular,2023-01-21,2023-12-10,App,East,25-34
100286,Value,2023-01-11,2024-12-05,Store,North,18-24
100287,Regular,2023-02-01,2024-12-26,App,North,35-44
100288,Regular,2023-02-27,2024-06-08,Web,West,35-44
100289,Value,2023-01-16,2024-10-23,App,West,18-24
100290,Bargain,2023-03-31,2023-10-18,Web,East,25-34
100291,Value,2023-01-04,2024-12-17,App,North,25-34
100292,Bargain,2023-05-04,2024-12-12,App,North,35-44
100293,Value,2023-01-30,2024-12-03,Web,West,25-34
100294,Bargain,2023-01-25,2024-11-11,Web,South,45-54
100295,Bargain,2023-01-14,2024-09-28,App,West,25-34
100296,Bargain,2023-01-07,2024-12-11,App,North,18-24
100297,Bargain,2023-03-03,2024-04-03,Web,South,45-54
100298,Regular,2023-01-29,2024-08-31,App,West,55+
100299,Regular,2023-01-07,2024-06-16,App,South,25-34
100300,Regular,2023-02-25,2024-12-28,App,West,55+
100301,Value,2023-01-05,2024-12-30,App,North,35-44
100302,Regular,2023-01-05,2024-12-26,Store,East,35-44
100303,Regular,2023-01-13,2024-09-30,App,South,25-34
100304,Bargain,2023-01-07,2024-02-01,Web,North,45-54
100305,Regular,2023-01-14,2024-12-22,App,North,18-24
100306,Regular,2023-01-17,2024-11-20,App,West,25-34
100307,Regular,2023-03-14,2024-01-01,App,North,45-54
100308,Regular,2023-01-01,2024-03-14,App,South,55+
100309,Value,2023-02-08,2024-02-16,App,North,25-34
100310,Regular,2023-02-22,2024-12-15,App,North,55+
100311,Regular,2023-03-17,2024-03-15,Web,North,35-44
100312,Regular,2023-09-03,2024-01-30,Web,West,25-34
100313,Regular,2023-01-12,2024-12-18,Web,North,35-44
100314,Regular,2023-01-20,2023-09-28,App,West,55+
100315,Regular,2023-01-06,2024-12-26,Web,West,45-54
100316,Regular,2023-02-02,2024-03-24,Web,East,25-34
100317,Regular,2023-01-14,2024-11-21,Web,West,35-44
100318,Regular,2023-01-20,2024-08-22,Web,East,25-34
100319,Bargain,2023-01-06,2024-07-12,App,South,25-34
100320,Bargain,2023-02-10,2023-12-13,Web,North,45-54
100321,Regular,2023-01-14,2024-12-01,Web,North,18-24
100322,Regular,2023-01-11,2024-08-08,App,East,25-34
100323,Regular,2023-02-18,2024-04-15,Web,East,35-44
100324,Bargain,2023-02-16,2024-03-09,Web,South,35-44
100325,Regular,2023-01-28,2024-01-01,Web,East,45-54
100326,Bargain,2023-01-04,2024-12-27,App,North,35-44
100327,Regular,2023-01-08,2024-10-09,Web,North,35-44
100328,Regular,2023-01-19,2024-12-28,App,North,25-34
100329,Regular,2023-01-28,2023-11-21,Web,North,55+
100330,Regular,2023-03-18,2024-12-17,App,South,55+
100331,Regular,2023-01-19,2024-09-13,Web,East,18-24
100332,Regular,2023-07-13,2024-09-27,App,North,25-34
100333,Bargain,2023-12-14,2024-10-31,Web,West,18-24
100334,Value,2023-01-10,2024-12-06,Store,East,45-54
100335,Regular,2023-01-25,2024-11-11,App,North,55+
100336,Value,2023-01-03,2024-12-25,Web,East,25-34
100337,Regular,2023-01-03,2024-12-07,App,South,25-34
100338,Value,2023-03-09,2024-11-20,Store,South,25-34
100339,Bargain,2023-02-09,2023-10-29,Web,East,35-44
100340,Value,2023-01-03,2024-03-04,App,South,45-54
100341,Bargain,2023-01-30,2024-02-09,Web,East,18-24
100342,Bargain,2023-06-04,2024-12-01,Store,North,18-24
100343,Regular,2023-01-28,2024-09-26,App,North,45-54
100344,Regular,2023-01-27,2024-09-23,App,North,25-34
100345,Regular,2023-01-09,2024-11-06,Web,South,25-34
100346,Bargain,2023-03-02,2024-12-01,App,North,25-34
100347,Regular,2023-05-24,2024-08-10,App,South,45-54
100348,Regular,2023-02-07,2024-08-01,App,West,18-24
100349,Value,2023-01-06,2024-01-15,App,North,55+
100350,Regular,2023-01-28,2024-12-01,App,East,35-44
100351,Value,2023-01-01,2024-12-01,Web,North,35-44
100352,Regular,2023-03-28,2024-09-08,App,South,35-44
100353,Regular,2023-03-19,2024-11-11,Web,North,55+
100354,Regular,2023-02-05,2024-12-06,Web,South,25-34
100355,Regular,2023-02-10,2024-11-09,Web,South,45-54
100356,Regular,2023-01-11,2024-12-08,Web,West,45-54
100357,Regular,2023-01-18,2024-12-09,App,South,18-24
100358,Regular,2023-01-08,2024-11-23,Web,West,35-44
100359,Regular,2023-03-11,2024-12-18,App,North,55+
100360,Bargain,2023-01-11,2024-12-13,Web,South,25-34
100361,Value,2023-03-16,2024-09-19,Web,South,18-24
100362,Value,2023-01-11,2024-01-15,Store,East,35-44
100363,Value,2023-01-18,2024-12-20,App,South,45-54
100364,Regular,2023-04-01,2024-09-12,App,East,25-34
100365,Regular,2023-01-17,2024-11-21,Store,North,25-34
100366,Regular,2023-04-14,2024-12-26,App,East,18-24
100367,Regular,2023-02-17,2024-05-29,Web,South,55+
100368,Regular,2023-02-03,2024-08-16,Web,South,25-34
100369,Bargain,2023-01-11,2023-07-16,Web,East,35-44
100370,Regular,2023-02-24,2024-08-24,App,South,25-34
100371,Regular,2023-01-13,2024-10-01,Web,South,18-24
100372,Regular,2023-01-10,2024-08-06,Web,West,35-44
100373,Regular,2023-02-13,2024-09-08,App,South,25-34
100374,Value,2023-03-19,2024-12-20,Store,South,55+
100375,Value,2023-01-31,2024-12-23,Web,North,55+
100376,Bargain,2023-01-08,2024-01-06,Web,East,25-34
100377,Regular,2023-01-16,2024-12-27,App,South,18-24
100378,Regular,2023-01-01,2024-01-26,App,East,35-44
100379,Regular,2023-01-23,2024-12-07,App,East,35-44
100380,Regular,2023-02-09,2023-11-28,Web,North,25-34
100381,Bargain,2023-03-17,2024-11-14,Web,North,18-24
100382,Regular,2023-01-31,2024-11-24,Web,North,18-24
100383,Regular,2023-01-19,2023-11-28,App,South,25-34
100384,Regular,2023-02-25,2024-06-27,App,East,35-44
100385,Bargain,2023-01-16,2024-10-19,Web,South,18-24
100386,Regular,2023-04-13,2023-12-26,Store,East,25-34
100387,Bargain,2023-02-12,2024-05-11,Store,North,55+
100388,Value,2023-01-14,2024-12-11,App,West,25-34
100389,Bargain,2023-01-05,2024-11-10,Web,South,18-24
100390,Regular,2023-01-21,2024-10-18,App,South,18-24
100391,Value,2023-01-05,2024-11-24,App,East,55+
100392,Regular,2023-01-04,2024-12-05,Web,North,25-34
100393,Regular,2023-02-07,2024-10-19,Store,North,45-54
100394,Value,2023-02-10,2024-12-15,Store,West,25-34
100395,Regular,2023-01-16,2024-11-23,Web,East,25-34
100396,Bargain,2023-01-13,2024-05-21,App,North,45-54
100397,Regular,2023-01-04,2024-07-09,App,South,35-44
100398,Regular,2023-01-10,2024-12-16,Web,North,18-24
100399,Regular,2023-02-10,2024-09-11,Web,West,35-44
100400,Regular,2023-01-02,2024-10-08,Web,North,45-54
100401,Bargain,2023-02-09,2024-06-06,App,East,18-24
100402,Regular,2023-01-02,2024-12-27,App,East,55+
100403,Value,2023-02-17,2024-07-26,Store,South,45-54
100404,Bargain,2023-01-03,2024-11-15,App,East,55+
100405,Bargain,2023-01-16,2024-09-11,Web,South,25-34
100406,Regular,2023-02-02,2024-12-12,Web,South,55+
100407,Bargain,2023-04-22,2024-02-10,App,West,25-34
100408,Value,2023-04-08,2024-06-15,App,South,45-54
100409,Bargain,2023-01-05,2024-12-11,Web,South,45-54
100410,Regular,2023-01-13,2023-12-01,App,South,25-34
100411,Regular,2023-01-07,2024-12-09,App,East,45-54
100412,Value,2023-01-26,2023-11-05,Web,North,25-34
100413,Bargain,2023-01-05,2024-03-06,Web,South,25-34
100414,Value,2023-01-11,2024-11-26,Web,East,18-24
100415,Regular,2023-02-11,2024-12-30,App,North,18-24
100416,Value,2023-02-16,2024-12-19,App,West,25-34
100417,Regular,2023-02-12,2024-10-20,Web,South,25-34
100418,Value,2023-01-03,2023-10-03,Store,East,35-44
100419,Bargain,2023-02-04,2024-12-22,App,North,35-44
100420,Regular,2023-03-02,2024-11-20,App,East,25-34
100421,Value,2023-03-24,2024-10-30,App,South,18-24
100422,Value,2023-01-10,2024-11-29,App,West,45-54
100423,Value,2023-01-04,2024-04-09,App,South,25-34
100424,Regular,2023-01-23,2024-11-05,App,West,35-44
100425,Bargain,2023-01-04,2024-08-19,App,North,35-44
100426,Regular,2023-01-15,2024-12-28,Store,North,55+
100427,Bargain,2023-08-15,2024-09-27,Store,North,25-34
100428,Value,2023-01-04,2024-12-22,App,West,25-34
100429,Bargain,2023-02-08,2024-10-27,Web,South,35-44
100430,Bargain,2023-01-10,2024-12-22,App,North,18-24
100431,Regular,2023-01-24,2024-12-22,App,South,18-24
100432,Regular,2023-03-07,2024-11-25,Web,North,25-34
100433,Bargain,2023-06-12,2024-10-31,Web,East,35-44
100434,Value,2023-02-02,2024-12-17,App,East,25-34
100435,Regular,2023-03-15,2023-05-05,Web,North,25-34
100436,Value,2023-02-01,2024-12-27,App,South,45-54
100437,Regular,2023-01-21,2023-11-06,Web,North,35-44
100438,Regular,2023-01-02,2024-12-09,App,West,35-44
100439,Regular,2023-01-19,2024-07-23,Web,East,25-34
100440,Bargain,2023-01-22,2024-02-13,Web,West,25-34
100441,Value,2023-02-02,2024-09-30,App,West,55+
100442,Regular,2023-01-03,2024-11-27,App,West,45-54
100443,Value,2023-03-05,2024-12-20,Web,West,18-24
100444,Regular,2023-05-04,2024-09-10,Web,East,35-44
100445,Regular,2023-01-15,2024-06-14,Web,West,25-34
100446,Bargain,2023-03-17,2024-12-03,App,East,45-54
100447,Regular,2023-01-13,2024-08-25,Store,North,45-54
100448,Value,2023-01-29,2024-11-16,Web,East,35-44
100449,Regular,2023-01-29,2024-12-27,App,South,45-54
100450,Value,2023-01-12,2024-04-22,App,East,18-24
100451,Bargain,2023-02-11,2024-11-28,Web,East,25-34
100452,Regular,2023-04-07,2024-12-15,Store,North,35-44
100453,Value,2023-01-18,2024-08-31,Web,West,35-44
100454,Value,2023-02-05,2024-11-26,App,East,45-54
100455,Value,2023-01-09,2024-11-29,Web,South,25-34
100456,Bargain,2023-02-02,2024-03-01,Web,North,55+
100457,Regular,2023-02-17,2024-12-04,App,South,35-44
100458,Regular,2023-02-09,2023-11-06,App,East,35-44
100459,Regular,2023-04-18,2024-03-15,App,East,35-44
100460,Regular,2023-01-19,2024-12-13,Web,North,35-44
100461,Value,2023-01-07,2024-06-04,App,West,25-34
100462,Bargain,2023-02-24,2024-10-20,Web,North,35-44
100463,Regular,2023-02-08,2024-12-26,Store,East,45-54
100464,Regular,2023-04-05,2024-04-08,App,North,55+
100465,Regular,2023-02-07,2024-12-02,Store,West,55+
100466,Regular,2023-04-14,2024-09-21,Store,South,55+
100467,Bargain,2023-01-23,2023-12-14,App,West,35-44
100468,Value,2023-01-19,2024-12-15,App,East,35-44
100469,Regular,2023-02-19,2024-09-23,Web,West,45-54
100470,Regular,2023-01-12,2024-12-27,App,West,35-44
100471,Regular,2023-04-03,2023-12-26,App,East,45-54
100472,Value,2023-01-05,2024-12-24,App,South,55+
100473,Value,2023-02-24,2024-10-06,Web,North,25-34
100474,Regular,2023-05-23,2024-12-30,Web,West,45-54
100475,Regular,2023-01-19,2024-01-03,Web,West,45-54
100476,Regular,2023-02-22,2024-03-04,App,North,45-54
100477,Regular,2023-02-15,2024-12-22,Web,South,45-54
100478,Regular,2023-01-24,2024-10-30,App,West,25-34
100479,Regular,2023-01-27,2024-11-02,Web,North,35-44
100480,Regular,2023-01-03,2024-09-21,Web,North,18-24
100481,Regular,2023-01-03,2024-01-28,Web,South,25-34
100482,Regular,2023-01-03,2024-11-18,App,West,35-44
100483,Regular,2023-01-07,2024-10-14,Web,South,35-44
100484,Value,2023-01-27,2024-12-27,Web,West,25-34
100485,Regular,2023-03-10,2024-12-09,App,South,35-44
100486,Regular,2023-03-30,2024-12-09,App,South,25-34
100487,Regular,2023-02-02,2024-02-18,Web,West,25-34
100488,Regular,2023-01-02,2024-11-28,Store,East,25-34
100489,Regular,2023-01-04,2024-11-13,Web,West,18-24
100490,Regular,2023-03-05,2024-03-10,Web,South,25-34
100491,Regular,2023-03-11,2024-12-28,App,North,25-34
100492,Regular,2023-05-03,2024-12-19,Web,East,18-24
100493,Regular,2023-02-11,2023-11-03,App,South,25-34
100494,Regular,2023-02-13,2024-12-26,Web,North,55+
100495,Regular,2023-01-22,2024-01-15,App,North,25-34
100496,Regular,2023-01-04,2024-11-03,Web,North,35-44
100497,Regular,2023-01-23,2023-10-23,Web,East,25-34
100498,Regular,2023-05-18,2024-06-12,App,East,35-44
100499,Regular,2023-03-14,2024-08-24,App,South,18-24
100500,Regular,2023-02-01,2023-06-24,Web,North,55+
100501,Bargain,2023-06-11,2024-12-22,App,South,45-54
100502,Bargain,2023-01-07,2023-11-07,Web,East,35-44
100503,Regular,2023-02-18,2024-11-08,Web,West,35-44
100504,Regular,2023-01-06,2024-12-19,App,South,18-24
100505,Regular,2023-01-19,2024-12-28,App,South,25-34
100506,Regular,2023-01-19,2024-10-30,App,North,18-24
100507,Bargain,2023-01-17,2024-09-23,Web,South,55+
100508,Regular,2023-06-13,2024-11-22,App,North,25-34
100509,Value,2023-01-31,2024-12-26,Store,East,35-44
100510,Value,2023-01-05,2023-12-05,Web,East,18-24
100511,Bargain,2023-05-14,2024-08-30,Store,North,25-34
100512,Value,2023-01-11,2024-12-22,App,South,25-34
100513,Regular,2023-01-23,2024-11-11,Web,North,25-34
100514,Regular,2023-02-10,2024-01-04,Web,East,35-44
100515,Value,2023-01-13,2024-12-10,App,North,25-34
100516,Regular,2023-06-12,2023-07-05,Store,North,18-24
100517,Regular,2023-01-11,2024-03-16,App,East,55+
100518,Value,2023-01-02,2024-09-05,App,North,45-54
100519,Bargain,2023-01-26,2024-09-24,App,East,45-54
100520,Bargain,2023-01-17,2024-10-25,Store,West,35-44
100521,Regular,2023-04-24,2024-09-28,App,West,35-44
100522,Value,2023-01-31,2024-12-10,Web,East,25-34
100523,Regular,2023-03-02,2024-10-12,App,South,25-34
100524,Value,2023-02-12,2023-11-18,Web,North,25-34
100525,Regular,2023-01-16,2024-12-23,App,East,25-34
100526,Bargain,2023-02-03,2023-09-16,App,North,18-24
100527,Bargain,2023-08-19,2023-11-22,App,East,55+
100528,Regular,2023-03-16,2024-10-21,App,East,35-44
100529,Regular,2023-02-24,2024-12-30,Web,East,18-24
100530,Regular,2023-01-14,2024-08-15,Web,North,35-44
100531,Regular,2023-02-14,2024-12-20,Web,South,45-54
100532,Regular,2023-01-18,2024-12-30,Web,North,45-54
100533,Regular,2023-02-03,2024-05-06,Web,West,35-44
100534,Value,2023-01-03,2024-12-23,Web,West,18-24
100535,Regular,2023-02-23,2024-12-25,Web,North,35-44
100536,Regular,2023-01-04,2024-05-17,App,South,25-34
100537,Value,2023-02-13,2024-12-02,Web,South,35-44
100538,Value,2023-01-05,2024-12-23,Web,North,55+
100539,Bargain,2023-01-24,2024-01-23,Web,South,18-24
100540,Bargain,2023-01-16,2024-09-21,App,North,35-44
100541,Regular,2023-01-15,2024-08-18,App,West,25-34
100542,Bargain,2023-03-16,2024-12-01,Store,West,45-54
100543,Bargain,2023-03-07,2024-09-29,App,West,18-24
100544,Value,2023-01-07,2024-12-12,App,West,18-24
100545,Regular,2023-03-22,2024-06-21,Web,West,35-44
100546,Regular,2023-03-30,2024-12-28,Web,South,18-24
100547,Value,2023-01-07,2024-12-18,Web,North,35-44
100548,Regular,2023-02-16,2024-11-29,App,North,25-34
100549,Regular,2023-01-10,2024-12-28,App,West,35-44
100550,Regular,2023-01-25,2024-01-25,Web,East,18-24
100551,Value,2023-01-02,2023-12-07,Web,South,18-24
100552,Value,2023-01-14,2024-12-31,Web,West,45-54
100553,Bargain,2023-03-25,2024-08-31,App,South,18-24
100554,Value,2023-01-13,2024-12-31,Web,East,35-44
100555,Regular,2023-01-02,2024-10-29,App,West,25-34
100556,Regular,2023-03-21,2024-03-29,Web,West,35-44
100557,Regular,2023-01-23,2023-09-07,Web,South,18-24
100558,Regular,2023-01-18,2024-10-16,App,South,18-24
100559,Regular,2023-05-06,2024-12-19,App,East,25-34
100560,Value,2023-01-11,2024-12-12,App,North,25-34
100561,Regular,2023-01-16,2024-12-15,Web,North,25-34
100562,Bargain,2023-05-22,2023-12-10,App,East,25-34
100563,Regular,2023-01-27,2024-09-01,Store,North,55+
100564,Regular,2023-07-26,2024-12-24,App,South,55+
100565,Regular,2023-02-23,2024-02-18,App,North,25-34
100566,Regular,2023-01-01,2024-12-03,App,South,45-54
100567,Value,2023-01-31,2024-11-18,App,North,55+
100568,Regular,2023-01-21,2024-06-24,Web,West,25-34
100569,Regular,2023-03-10,2024-11-09,App,North,35-44
100570,Regular,2023-01-05,2024-01-08,App,South,25-34
100571,Bargain,2023-02-27,2023-11-16,Store,West,18-24
100572,Regular,2023-03-21,2024-08-29,App,West,55+
100573,Regular,2023-01-08,2024-08-25,Web,East,25-34
100574,Bargain,2023-01-01,2023-11-26,Web,East,55+
100575,Regular,2023-01-20,2024-10-06,App,South,55+
100576,Bargain,2023-03-13,2024-10-17,Web,South,18-24
100577,Regular,2023-01-14,2024-11-23,Web,North,25-34
100578,Bargain,2023-02-10,2024-12-13,Store,West,18-24
100579,Regular,2023-01-28,2024-12-26,Web,West,25-34
100580,Regular,2023-02-11,2024-11-18,Store,East,18-24
100581,Regular,2023-01-08,2024-12-16,App,West,25-34
100582,Value,2023-05-17,2023-10-12,App,East,25-34
100583,Regular,2023-03-12,2024-12-21,Web,East,55+
100584,Bargain,2023-01-02,2024-12-28,Web,South,35-44
100585,Regular,2023-03-21,2024-11-16,Web,West,18-24
100586,Value,2023-01-08,2024-11-20,App,West,35-44
100587,Regular,2023-01-11,2024-01-18,App,South,25-34
100588,Value,2023-02-06,2024-10-27,Web,West,25-34
100589,Value,2023-01-24,2024-12-13,App,South,25-34
100590,Bargain,2023-03-08,2024-11-24,Web,North,45-54
100591,Regular,2023-01-11,2024-08-27,App,East,25-34
100592,Regular,2023-02-19,2024-10-03,Store,West,25-34
100593,Regular,2023-02-03,2024-08-21,App,South,25-34
100594,Value,2023-01-02,2024-12-27,Store,West,18-24
100595,Regular,2023-01-17,2024-09-02,Web,North,18-24
100596,Regular,2023-01-27,2024-12-22,Web,East,25-34
100597,Regular,2023-01-03,2024-09-01,App,West,35-44
100598,Bargain,2023-02-09,2024-07-27,App,North,45-54
100599,Regular,2023-02-19,2024-12-15,App,East,45-54
100600,Regular,2023-01-13,2024-09-08,Web,South,25-34
100601,Regular,2023-01-03,2024-02-01,Web,West,18-24
100602,Bargain,2023-04-04,2024-12-19,Web,East,35-44
100603,Regular,2023-01-22,2024-12-15,App,South,55+
100604,Bargain,2023-02-01,2024-10-13,Web,West,25-34
100605,Regular,2023-01-17,2024-12-23,Web,East,25-34
100606,Bargain,2023-01-16,2024-07-26,App,West,35-44
100607,Value,2023-03-23,2024-12-05,App,South,45-54
100608,Regular,2023-01-13,2024-12-01,App,South,35-44
100609,Regular,2023-01-31,2024-09-15,App,East,18-24
100610,Regular,2023-02-12,2023-12-21,App,East,18-24
100611,Regular,2023-01-18,2024-12-04,App,West,55+
100612,Bargain,2023-01-05,2023-12-07,Web,West,35-44
100613,Bargain,2023-04-06,2024-11-24,App,South,18-24
100614,Regular,2023-03-20,2024-10-26,Store,South,45-54
100615,Regular,2023-01-17,2023-12-11,App,North,35-44
100616,Regular,2023-03-27,2024-12-26,Web,East,25-34
100617,Regular,2023-01-01,2024-11-27,Web,West,25-34
100618,Value,2023-01-26,2024-12-19,Store,North,45-54
100619,Value,2023-03-09,2023-12-01,Store,North,45-54
100620,Regular,2023-01-19,2024-12-13,Web,South,18-24
100621,Regular,2023-02-22,2023-10-09,Web,North,45-54
100622,Bargain,2023-01-07,2024-11-23,App,East,25-34
100623,Regular,2023-02-09,2024-10-30,App,South,35-44
100624,Bargain,2023-02-17,2024-06-22,App,East,25-34
100625,Regular,2023-03-01,2024-12-13,Store,East,35-44
100626,Regular,2023-01-21,2024-12-24,Store,South,35-44
100627,Value,2023-01-03,2024-11-25,Web,East,35-44
100628,Regular,2023-02-16,2024-01-07,App,North,25-34
100629,Bargain,2023-01-04,2024-07-01,Web,West,35-44
100630,Bargain,2023-03-20,2024-10-16,Web,East,25-34
100631,Bargain,2023-01-15,2024-09-03,Web,North,55+
100632,Value,2023-01-20,2024-12-30,Web,West,25-34
100633,Regular,2023-02-28,2024-01-07,App,South,25-34
100634,Value,2023-02-08,2023-11-22,App,East,35-44
100635,Value,2023-01-04,2024-12-15,App,North,45-54
100636,Regular,2023-02-19,2024-04-07,Web,South,35-44
100637,Regular,2023-03-16,2024-11-25,App,South,35-44
100638,Regular,2023-01-27,2024-01-03,App,East,25-34
100639,Bargain,2023-01-16,2024-11-19,App,North,25-34
100640,Regular,2023-02-26,2024-11-14,App,South,45-54
100641,Bargain,2023-03-15,2024-12-20,App,East,35-44
100642,Value,2023-01-07,2024-12-05,Web,North,45-54
100643,Regular,2023-01-16,2024-12-18,Web,West,18-24
100644,Regular,2023-04-08,2024-12-25,Web,West,55+
100645,Bargain,2023-04-03,2023-07-31,Web,North,25-34
100646,Value,2023-01-18,2024-12-11,App,North,55+
100647,Regular,2023-02-27,2024-06-26,Web,North,35-44
100648,Regular,2023-01-20,2024-12-06,Web,West,55+
100649,Value,2023-02-21,2023-12-03,Web,West,25-34
100650,Regular,2023-01-13,2024-12-27,Web,East,25-34
100651,Bargain,2023-01-14,2024-12-01,App,East,45-54
100652,Regular,2023-02-11,2024-10-22,Web,North,35-44
100653,Regular,2023-03-10,2024-12-02,App,East,45-54
100654,Bargain,2023-07-07,2024-04-02,App,North,25-34
100655,Regular,2023-03-08,2023-07-01,Web,South,35-44
100656,Bargain,2023-01-16,2024-10-22,Web,South,18-24
100657,Regular,2023-01-14,2024-12-02,Web,East,35-44
100658,Regular,2023-01-09,2023-12-23,Store,West,45-54
100659,Regular,2023-07-25,2024-11-10,Web,South,18-24
100660,Regular,2023-05-06,2024-10-16,App,West,45-54
100661,Bargain,2023-01-23,2024-02-18,App,North,25-34
100662,Value,2023-01-01,2024-12-05,Web,South,25-34
100663,Value,2023-01-13,2024-09-23,App,West,35-44
100664,Regular,2023-01-23,2024-08-18,Web,North,55+
100665,Regular,2023-01-24,2024-10-24,Store,South,45-54
100666,Bargain,2023-07-21,2024-05-30,Web,North,18-24
100667,Bargain,2023-02-20,2024-11-05,Web,East,25-34
100668,Regular,2023-01-04,2024-10-08,Web,South,18-24
100669,Regular,2023-04-07,2024-11-30,Web,East,45-54
100670,Value,2023-04-08,2024-11-24,App,East,35-44
100671,Regular,2023-01-08,2024-10-22,App,North,25-34
100672,Bargain,2023-01-19,2024-11-19,App,North,18-24
100673,Regular,2023-09-22,2024-11-29,App,North,55+
100674,Regular,2023-01-25,2024-12-31,App,North,35-44
100675,Regular,2023-01-03,2024-12-27,App,West,25-34
100676,Bargain,2023-01-03,2023-10-16,App,East,45-54
100677,Regular,2023-03-03,2024-08-25,Store,North,18-24
100678,Value,2023-01-07,2024-12-01,App,North,35-44
100679,Regular,2023-01-10,2024-12-06,App,West,35-44
100680,Value,2023-01-11,2024-12-29,App,North,25-34
100681,Regular,2023-01-01,2024-11-24,Store,North,25-34
100682,Value,2023-02-28,2024-03-08,App,North,45-54
100683,Regular,2023-02-16,2024-12-11,Store,North,45-54
100684,Regular,2023-01-05,2024-10-14,Web,South,25-34
100685,Regular,2023-01-04,2023-09-05,App,East,45-54
100686,Regular,2023-01-01,2024-11-04,App,North,25-34
100687,Bargain,2023-06-15,2024-11-23,Web,East,18-24
100688,Regular,2023-01-06,2024-12-30,Web,South,45-54
100689,Regular,2023-04-08,2024-12-10,App,West,55+
100690,Regular,2023-01-11,2024-11-20,Web,East,18-24
100691,Bargain,2023-02-12,2024-09-19,App,East,25-34
100692,Regular,2023-01-05,2024-12-18,Web,South,25-34
100693,Regular,2023-04-13,2024-10-26,App,East,35-44
100694,Bargain,2023-02-11,2024-11-06,Store,East,25-34
100695,Regular,2023-01-18,2024-06-14,Web,West,25-34
100696,Regular,2023-02-12,2024-07-23,Store,West,55+
100697,Regular,2023-02-14,2024-10-30,App,West,35-44
100698,Regular,2023-06-28,2024-04-28,Web,West,25-34
100699,Regular,2023-02-01,2024-09-07,Web,North,25-34
100700,Regular,2023-02-10,2024-12-02,App,South,35-44
100701,Regular,2023-02-05,2023-11-09,Web,East,25-34
100702,Value,2023-01-06,2024-02-03,Web,South,18-24
100703,Bargain,2023-02-06,2024-10-27,App,North,55+
100704,Regular,2023-02-07,2024-11-10,Web,East,25-34
100705,Regular,2023-03-01,2024-10-30,App,North,25-34
100706,Regular,2023-02-06,2024-12-31,Web,East,25-34
100707,Regular,2023-05-05,2024-11-17,Web,West,25-34
100708,Regular,2023-01-07,2024-01-10,Web,North,25-34
100709,Regular,2023-01-23,2024-12-19,Store,North,55+
100710,Bargain,2023-01-26,2024-11-08,App,West,35-44
100711,Regular,2023-01-24,2024-10-12,App,West,25-34
100712,Bargain,2023-02-04,2024-10-02,App,East,25-34
100713,Bargain,2023-01-23,2024-11-19,App,North,18-24
100714,Regular,2023-01-17,2023-12-29,Web,South,45-54
100715,Value,2023-02-21,2024-07-11,Web,West,45-54
100716,Regular,2023-05-14,2024-11-14,App,West,25-34
100717,Value,2023-01-06,2024-12-16,Web,East,25-34
100718,Regular,2023-01-04,2024-10-09,App,West,25-34
100719,Bargain,2023-01-27,2024-04-09,Web,North,25-34
100720,Regular,2023-01-06,2024-12-30,Web,East,35-44
100721,Regular,2023-02-07,2024-09-30,Web,South,25-34
100722,Value,2023-01-02,2024-05-10,Web,South,55+
100723,Bargain,2023-03-18,2024-09-02,Store,East,25-34
100724,Value,2023-01-03,2024-12-30,Web,North,55+
100725,Value,2023-03-02,2024-12-11,App,East,18-24
100726,Regular,2023-03-10,2024-11-09,Store,South,18-24
100727,Value,2023-01-03,2024-07-18,App,West,18-24
100728,Regular,2023-01-08,2024-10-07,App,West,45-54
100729,Regular,2023-01-16,2023-08-28,App,West,25-34
100730,Regular,2023-03-11,2024-08-16,Web,West,45-54
100731,Value,2023-02-23,2024-12-29,Web,North,25-34
100732,Value,2023-01-01,2024-12-21,App,South,25-34
100733,Regular,2023-02-22,2024-10-15,Store,South,35-44
100734,Value,2023-01-23,2024-02-22,Web,North,25-34
100735,Regular,2023-04-07,2024-12-06,App,West,25-34
100736,Regular,2023-01-27,2024-10-07,Web,West,25-34
100737,Regular,2023-02-16,2024-12-17,App,West,55+
100738,Regular,2023-03-20,2024-12-30,Web,North,35-44
100739,Regular,2023-03-03,2024-12-27,App,East,35-44
100740,Value,2023-01-27,2024-12-20,App,South,18-24
100741,Value,2023-01-09,2024-12-24,Web,West,45-54
100742,Bargain,2023-05-15,2024-11-06,App,West,18-24
100743,Value,2023-01-06,2024-12-05,Web,North,45-54
100744,Regular,2023-02-08,2024-12-17,App,North,18-24
100745,Regular,2023-01-09,2023-12-04,Web,East,25-34
100746,Regular,2023-01-27,2023-08-04,Store,South,45-54
100747,Regular,2023-01-19,2024-12-27,Web,North,25-34
100748,Regular,2023-01-12,2024-09-15,App,East,25-34
100749,Bargain,2023-01-18,2024-11-17,App,West,18-24
100750,Regular,2023-01-10,2024-09-29,App,South,35-44
100751,Regular,2023-01-03,2024-10-26,App,South,25-34
100752,Regular,2023-01-22,2024-11-23,App,East,55+
100753,Regular,2023-01-04,2024-12-28,App,North,18-24
100754,Regular,2023-08-13,2024-02-12,Web,South,55+
100755,Regular,2023-02-22,2024-11-14,Store,East,35-44
100756,Regular,2023-02-08,2024-11-12,App,West,25-34
100757,Bargain,2023-01-02,2024-11-16,App,East,55+
100758,Value,2023-01-14,2024-06-20,App,South,25-34
100759,Regular,2023-01-06,2023-10-20,App,East,45-54
100760,Regular,2023-03-01,2024-04-15,Web,East,25-34
100761,Value,2023-01-18,2024-09-06,Store,North,45-54
100762,Value,2023-01-29,2024-12-30,Web,East,25-34
100763,Value,2023-01-17,2024-12-29,Store,North,25-34
100764,Bargain,2023-01-08,2024-11-01,App,East,35-44
100765,Value,2023-01-27,2024-12-15,App,South,18-24
100766,Value,2023-01-12,2024-12-13,App,South,55+
100767,Value,2023-03-08,2024-10-25,App,South,35-44
100768,Value,2023-01-11,2024-12-09,App,West,25-34
100769,Regular,2023-01-08,2024-12-23,App,South,55+
100770,Regular,2023-01-23,2024-10-01,Web,North,35-44
100771,Regular,2023-05-27,2024-12-14,App,South,18-24
100772,Regular,2023-01-28,2023-09-11,App,South,55+
100773,Bargain,2023-02-20,2024-10-19,App,East,18-24
100774,Value,2023-01-06,2024-10-08,App,North,25-34
100775,Bargain,2023-01-06,2024-06-25,Web,North,35-44
100776,Regular,2023-02-21,2024-12-29,App,West,18-24
100777,Value,2023-02-19,2024-12-01,App,South,25-34
100778,Regular,2023-01-15,2024-12-06,Web,East,25-34
100779,Bargain,2023-01-08,2023-10-16,Web,East,25-34
100780,Regular,2023-01-05,2024-11-24,App,East,25-34
100781,Bargain,2023-01-14,2024-09-21,Web,West,18-24
100782,Regular,2023-02-19,2024-12-23,Store,East,25-34
100783,Regular,2023-01-31,2024-12-16,Store,North,35-44
100784,Bargain,2023-06-23,2024-06-15,App,East,18-24
100785,Regular,2023-02-08,2024-12-26,App,West,45-54
100786,Bargain,2023-03-01,2024-11-02,Web,North,35-44
100787,Regular,2023-05-19,2024-11-22,App,West,25-34
100788,Regular,2023-01-28,2024-12-21,Web,South,25-34
100789,Regular,2023-01-27,2024-10-11,Web,West,25-34
100790,Regular,2023-03-27,2024-11-06,Web,South,25-34
100791,Regular,2023-01-27,2024-09-19,Store,West,25-34
100792,Regular,2023-02-06,2023-06-09,Web,South,45-54
100793,Value,2023-01-09,2023-09-27,App,West,35-44
100794,Value,2023-01-07,2024-12-16,Web,West,25-34
100795,Regular,2023-01-28,2024-10-29,App,East,35-44
100796,Value,2023-03-03,2024-11-11,Web,North,35-44
100797,Value,2023-01-18,2024-12-22,Web,East,25-34
100798,Regular,2023-02-09,2024-10-27,App,South,45-54
100799,Regular,2023-01-09,2024-11-17,App,West,35-44
100800,Regular,2023-02-10,2024-11-25,Store,East,35-44
100801,Regular,2023-02-11,2024-12-03,Web,West,18-24
100802,Bargain,2023-02-10,2024-11-01,App,West,45-54
100803,Regular,2023-02-22,2024-10-18,Web,East,55+
100804,Value,2023-01-15,2024-12-28,App,North,55+
100805,Value,2023-01-07,2024-12-10,App,North,25-34
100806,Regular,2023-01-27,2024-12-12,App,South,18-24
100807,Value,2023-01-07,2024-12-31,Web,West,45-54
100808,Regular,2023-01-03,2023-08-03,App,West,45-54
100809,Bargain,2023-01-17,2024-10-22,App,South,25-34
100810,Value,2023-01-31,2024-12-19,App,North,25-34
100811,Value,2023-01-09,2024-01-11,Store,West,35-44
100812,Bargain,2023-01-27,2024-01-12,App,West,18-24
100813,Regular,2023-03-14,2024-11-26,App,North,18-24
100814,Value,2023-01-01,2024-10-02,App,West,45-54
100815,Bargain,2023-01-11,2024-10-30,App,West,45-54
100816,Bargain,2023-03-03,2024-11-18,Web,East,35-44
100817,Regular,2023-02-11,2024-04-29,App,North,45-54
100818,Regular,2023-02-09,2024-12-30,App,East,18-24
100819,Regular,2023-02-07,2024-11-10,Web,North,18-24
100820,Value,2023-01-05,2024-12-11,App,North,25-34
100821,Regular,2023-02-01,2024-12-06,Store,South,45-54
100822,Regular,2023-03-20,2024-07-19,App,East,18-24
100823,Regular,2023-01-15,2023-09-14,Store,East,55+
100824,Bargain,2023-01-04,2024-08-03,Web,West,18-24
100825,Value,2023-01-04,2023-12-12,Web,North,18-24
100826,Regular,2023-02-07,2024-11-01,Web,South,25-34
100827,Regular,2023-01-03,2024-05-27,App,South,35-44
100828,Bargain,2023-05-19,2024-05-12,App,West,25-34
100829,Regular,2023-02-08,2024-11-11,App,East,25-34
100830,Regular,2023-01-12,2024-12-25,Store,South,25-34
100831,Regular,2023-01-23,2024-10-29,App,North,45-54
100832,Regular,2023-04-18,2024-11-12,App,North,18-24
100833,Regular,2023-01-27,2024-12-28,App,West,18-24
100834,Regular,2023-01-06,2024-08-28,App,South,25-34
100835,Regular,2023-01-15,2023-10-10,Web,North,35-44
100836,Regular,2023-05-13,2024-12-02,App,West,18-24
100837,Bargain,2023-01-22,2024-12-21,Web,East,35-44
100838,Regular,2023-02-03,2024-12-22,App,South,25-34
100839,Regular,2023-01-08,2024-07-25,App,West,18-24
100840,Value,2023-01-02,2024-12-31,App,East,55+
100841,Regular,2023-04-21,2023-11-03,Web,South,18-24
100842,Regular,2023-01-17,2024-07-08,App,North,18-24
100843,Regular,2023-02-11,2024-12-09,Store,East,45-54
100844,Value,2023-01-05,2024-12-24,App,South,25-34
100845,Bargain,2023-01-14,2024-11-28,App,South,35-44
100846,Regular,2023-02-04,2024-12-17,Web,West,25-34
100847,Regular,2023-01-19,2023-11-19,App,West,25-34
100848,Value,2023-01-29,2024-12-04,Web,East,25-34
100849,Bargain,2023-02-08,2024-12-01,App,East,25-34
100850,Value,2023-01-14,2024-12-17,Web,South,18-24
100851,Value,2023-01-03,2024-12-28,App,South,35-44
100852,Bargain,2023-06-23,2024-05-04,App,North,25-34
100853,Bargain,2023-01-07,2023-11-08,App,North,45-54
100854,Regular,2023-01-11,2024-01-22,Web,South,25-34
100855,Regular,2023-01-10,2024-11-21,App,South,25-34
100856,Regular,2023-01-17,2024-11-28,Web,East,55+
100857,Bargain,2023-02-06,2024-12-27,App,North,45-54
100858,Regular,2023-01-21,2024-11-05,Web,North,35-44
100859,Regular,2023-01-15,2024-06-29,App,East,25-34
100860,Regular,2023-01-12,2024-11-24,Web,East,55+
100861,Regular,2023-01-11,2023-08-10,Store,West,45-54
100862,Regular,2023-02-09,2024-12-08,App,East,35-44
100863,Regular,2023-01-21,2024-11-20,Web,West,55+
100864,Value,2023-04-06,2024-12-30,App,South,25-34
100865,Bargain,2023-03-16,2023-12-05,Store,East,18-24
100866,Bargain,2023-02-03,2024-12-18,App,East,55+
100867,Regular,2023-02-04,2024-10-14,App,South,45-54
100868,Value,2023-03-27,2024-08-30,App,North,45-54
100869,Regular,2023-01-15,2023-12-26,App,East,35-44
100870,Regular,2023-03-15,2024-12-24,Web,East,25-34
100871,Value,2023-01-02,2024-11-25,Store,East,45-54
100872,Bargain,2023-02-20,2023-11-09,Web,North,18-24
100873,Regular,2023-04-12,2023-12-15,Web,West,25-34
100874,Regular,2023-01-13,2024-01-16,App,East,35-44
100875,Bargain,2023-04-21,2024-12-19,App,North,25-34
100876,Regular,2023-06-11,2024-12-22,App,South,25-34
100877,Regular,2023-03-05,2024-11-09,App,West,35-44
100878,Regular,2023-01-22,2024-12-02,App,North,25-34
100879,Regular,2023-01-09,2023-12-30,Web,South,25-34
100880,Regular,2023-01-04,2023-10-12,Web,South,25-34
100881,Regular,2023-02-07,2023-09-16,App,West,25-34
100882,Bargain,2023-02-24,2024-12-21,Web,South,25-34
100883,Regular,2023-04-03,2024-12-16,Web,North,55+
100884,Value,2023-01-10,2024-12-18,Web,South,35-44
100885,Regular,2023-01-05,2024-07-23,App,South,35-44
100886,Regular,2023-01-09,2024-02-29,App,South,25-34
100887,Value,2023-02-03,2024-06-20,Store,North,25-34
100888,Value,2023-01-20,2024-12-04,Store,East,18-24
100889,Regular,2023-01-07,2024-04-20,App,South,25-34
100890,Regular,2023-02-28,2024-12-31,App,South,25-34
100891,Bargain,2023-06-04,2024-12-11,Store,East,35-44
100892,Regular,2023-01-01,2024-12-20,App,West,18-24
100893,Value,2023-01-02,2024-12-26,App,West,25-34
100894,Regular,2023-01-24,2024-11-08,App,South,25-34
100895,Bargain,2023-01-04,2024-12-10,App,West,25-34
100896,Regular,2023-01-01,2023-12-18,App,East,18-24
100897,Regular,2023-05-30,2024-11-18,Web,West,25-34
100898,Value,2023-01-17,2024-12-30,Web,South,45-54
100899,Regular,2023-01-08,2024-02-05,App,West,55+
100900,Regular,2023-09-04,2024-08-05,Web,North,25-34
100901,Regular,2023-01-09,2024-02-27,Web,South,55+
100902,Value,2023-01-23,2024-08-02,App,South,25-34
100903,Regular,2023-08-04,2024-10-12,App,North,18-24
100904,Bargain,2023-01-18,2024-09-06,Store,South,25-34
100905,Regular,2023-03-24,2024-12-31,App,East,25-34
100906,Regular,2023-03-02,2024-11-04,App,North,18-24
100907,Value,2023-01-04,2024-12-01,Web,East,25-34
100908,Regular,2023-02-05,2023-09-29,App,South,35-44
100909,Regular,2023-01-12,2024-02-05,Web,West,18-24
100910,Regular,2023-04-22,2024-11-16,Web,East,25-34
100911,Bargain,2023-03-15,2024-08-10,App,West,25-34
100912,Bargain,2023-01-10,2024-11-22,App,North,55+
100913,Bargain,2023-03-19,2024-06-01,Web,West,55+
100914,Bargain,2023-04-07,2024-02-22,App,South,55+
100915,Bargain,2023-05-13,2024-12-14,App,North,45-54
100916,Value,2023-01-21,2024-12-23,Web,South,18-24
100917,Value,2023-01-03,2024-09-13,App,East,25-34
100918,Regular,2023-02-17,2024-12-30,Web,West,55+
100919,Regular,2023-01-24,2024-05-21,Store,South,18-24
100920,Value,2023-01-04,2024-12-26,App,East,25-34
100921,Bargain,2023-01-19,2024-08-14,App,South,35-44
100922,Regular,2023-01-12,2024-11-13,Web,North,35-44
100923,Regular,2023-02-06,2024-06-18,Web,East,25-34
100924,Value,2023-03-08,2024-12-06,App,East,35-44
100925,Regular,2023-03-05,2023-09-27,Web,West,35-44
100926,Value,2023-01-04,2024-12-04,Web,North,25-34
100927,Bargain,2023-03-07,2024-10-01,Web,East,35-44
100928,Regular,2023-01-05,2024-12-27,App,South,45-54
100929,Regular,2023-09-10,2024-01-31,App,North,55+
100930,Regular,2023-05-23,2024-10-26,Store,North,35-44
100931,Regular,2023-01-14,2024-10-14,Web,East,35-44
100932,Regular,2023-02-06,2023-10-24,App,East,25-34
100933,Regular,2023-01-12,2024-03-03,App,North,25-34
100934,Regular,2023-01-09,2024-11-30,App,West,25-34
100935,Regular,2023-01-12,2024-12-25,App,North,18-24
100936,Bargain,2023-01-25,2024-01-02,Web,North,55+
100937,Value,2023-02-02,2024-12-18,App,East,25-34
100938,Bargain,2023-01-28,2024-11-13,Store,West,45-54
100939,Value,2023-01-19,2024-12-07,Web,East,25-34
100940,Regular,2023-02-06,2024-12-08,App,West,25-34
100941,Bargain,2023-03-11,2024-11-14,Store,East,35-44
100942,Value,2023-01-30,2024-03-20,Web,South,18-24
100943,Regular,2023-02-12,2024-11-23,Web,West,18-24
100944,Regular,2023-02-24,2023-09-15,Web,North,35-44
100945,Regular,2023-03-12,2024-09-03,Web,East,18-24
100946,Regular,2023-03-17,2024-08-01,Web,North,25-34
100947,Bargain,2023-01-17,2024-07-22,Web,South,45-54
100948,Bargain,2023-01-22,2024-10-26,App,North,18-24
100949,Regular,2023-02-05,2024-10-31,App,South,25-34
100950,Regular,2023-01-22,2024-11-04,App,North,18-24
100951,Regular,2023-01-01,2024-09-17,Store,North,35-44
100952,Regular,2023-03-23,2024-09-01,App,West,25-34
100953,Value,2023-01-16,2024-03-14,App,South,45-54
100954,Bargain,2023-02-26,2024-12-04,App,South,55+
100955,Bargain,2023-03-27,2023-11-23,App,West,18-24
100956,Regular,2023-01-01,2024-10-26,Web,East,45-54
100957,Regular,2023-02-18,2023-12-26,App,South,25-34
100958,Regular,2023-08-21,2024-12-29,App,North,18-24
100959,Regular,2023-01-20,2024-10-28,Web,West,25-34
100960,Regular,2023-02-02,2023-05-08,App,East,18-24
100961,Regular,2023-01-21,2024-11-18,Web,North,18-24
100962,Value,2023-01-12,2024-12-31,Web,East,35-44
100963,Value,2023-01-13,2023-10-30,Web,North,55+
100964,Bargain,2023-02-19,2024-11-28,App,East,25-34
100965,Regular,2023-01-23,2024-10-02,App,North,35-44
100966,Bargain,2023-02-04,2024-10-30,Web,South,18-24
100967,Value,2023-01-01,2024-06-27,App,North,18-24
100968,Regular,2023-03-10,2024-12-27,App,North,25-34
100969,Regular,2023-01-16,2024-10-25,App,North,55+
100970,Regular,2023-04-06,2024-12-29,Store,South,25-34
100971,Value,2023-01-26,2024-07-23,App,North,25-34
100972,Value,2023-01-08,2024-11-09,App,North,25-34
100973,Bargain,2023-09-03,2024-11-26,App,West,45-54
100974,Regular,2023-02-07,2024-12-24,App,North,25-34
100975,Regular,2023-01-05,2023-09-27,App,East,18-24
100976,Regular,2023-02-01,2024-12-29,Web,West,25-34
100977,Regular,2023-02-10,2024-10-27,App,North,35-44
100978,Regular,2023-03-18,2023-09-19,Web,North,25-34
100979,Value,2023-01-07,2024-12-13,App,East,25-34
100980,Bargain,2023-01-08,2024-07-30,Web,South,35-44
100981,Bargain,2023-02-10,2024-11-12,App,South,35-44
100982,Regular,2023-02-28,2024-11-26,App,East,25-34
100983,Regular,2023-01-24,2024-03-20,App,North,35-44
100984,Value,2023-03-03,2024-12-30,Web,South,55+
100985,Bargain,2023-01-20,2024-11-11,Web,South,25-34
100986,Regular,2023-01-15,2024-06-15,App,East,25-34
100987,Value,2023-01-04,2024-12-11,Web,South,25-34
100988,Regular,2023-01-05,2024-12-20,Web,East,45-54
100989,Regular,2023-01-17,2024-11-11,Web,East,55+
100990,Regular,2023-01-15,2024-09-20,App,East,45-54
100991,Regular,2023-01-15,2024-09-27,App,North,25-34
100992,Regular,2023-01-18,2024-11-30,Web,South,35-44
100993,Regular,2023-01-26,2024-12-14,App,South,35-44
100994,Bargain,2023-03-04,2024-11-15,App,East,18-24
100995,Regular,2023-01-27,2024-11-14,App,South,35-44
100996,Regular,2023-02-27,2024-12-16,App,East,18-24
100997,Value,2023-01-28,2024-12-29,App,North,25-34
100998,Bargain,2023-01-15,2024-11-24,Web,East,25-34
100999,Regular,2023-01-06,2024-12-07,App,West,25-34
101000,Value,2023-01-01,2024-12-24,Web,South,55+
101001,Regular,2023-03-31,2024-02-10,App,West,35-44
101002,Value,2023-01-18,2024-12-13,App,West,35-44
101003,Value,2023-02-10,2023-11-07,Store,South,35-44
101004,Regular,2023-01-16,2024-11-03,App,West,35-44
101005,Regular,2023-04-07,2024-12-13,App,North,35-44
101006,Bargain,2023-02-26,2024-05-20,Web,South,35-44
101007,Regular,2023-03-13,2024-11-12,App,East,35-44
101008,Regular,2023-01-04,2024-10-27,App,North,55+
101009,Regular,2023-01-23,2024-10-29,Store,East,45-54
101010,Regular,2023-01-18,2024-10-17,App,North,25-34
101011,Regular,2023-01-13,2024-09-14,Web,South,45-54
101012,Regular,2023-01-06,2024-02-27,App,South,45-54
101013,Bargain,2023-01-09,2024-12-30,Web,West,18-24
101014,Regular,2023-01-15,2024-11-11,Store,West,18-24
101015,Value,2023-01-27,2023-11-17,Web,East,45-54
101016,Regular,2023-01-17,2024-02-26,Web,West,18-24
101017,Bargain,2023-02-27,2024-09-15,App,West,18-24
101018,Value,2023-02-24,2024-11-04,App,South,18-24
101019,Regular,2023-01-17,2024-07-27,Store,West,18-24
101020,Bargain,2023-02-01,2024-12-27,App,South,18-24
101021,Regular,2023-01-10,2024-11-10,Web,West,35-44
101022,Bargain,2023-01-29,2024-03-12,App,South,35-44
101023,Regular,2023-02-22,2024-12-25,Web,North,55+
101024,Regular,2023-01-15,2024-12-26,Store,North,45-54
101025,Regular,2023-04-17,2024-08-30,Web,South,45-54
101026,Bargain,2023-01-26,2023-09-22,App,East,45-54
101027,Regular,2023-02-06,2024-02-05,App,East,18-24
101028,Regular,2023-01-28,2024-12-17,Web,East,55+
101029,Regular,2023-02-28,2024-11-19,App,North,18-24
101030,Regular,2023-05-15,2024-10-20,Web,East,25-34
101031,Regular,2023-02-27,2024-10-16,App,North,55+
101032,Regular,2023-01-31,2024-05-29,Web,North,35-44
101033,Bargain,2023-03-31,2023-08-12,Web,North,25-34
101034,Regular,2023-03-20,2024-12-29,Web,South,45-54
101035,Regular,2023-05-24,2024-11-10,Web,North,35-44
101036,Regular,2023-02-27,2024-12-05,Web,West,45-54
101037,Regular,2023-01-10,2024-07-03,Web,North,35-44
101038,Regular,2023-04-03,2024-04-29,App,West,25-34
101039,Value,2023-01-26,2024-12-28,App,West,25-34
101040,Value,2023-02-21,2024-12-07,Web,East,35-44
101041,Regular,2023-01-28,2024-10-15,App,West,45-54
101042,Regular,2023-01-27,2024-12-29,App,North,55+
101043,Regular,2023-05-11,2024-11-19,Web,South,25-34
101044,Value,2023-02-15,2024-12-03,Store,North,18-24
101045,Regular,2023-03-25,2024-09-16,Web,North,25-34
101046,Value,2023-03-09,2024-11-18,Web,West,25-34
101047,Regular,2023-01-10,2024-02-24,Web,North,45-54
101048,Bargain,2023-04-10,2024-02-14,Web,East,45-54
101049,Regular,2023-01-14,2024-11-14,Web,South,55+
101050,Regular,2023-01-18,2024-11-16,App,East,35-44
101051,Value,2023-01-04,2024-11-22,Web,North,45-54
101052,Regular,2023-03-07,2024-11-03,App,South,35-44
101053,Value,2023-01-03,2024-11-06,Web,South,45-54
101054,Regular,2023-02-12,2024-11-06,App,East,25-34
101055,Regular,2023-02-21,2024-06-13,Web,South,25-34
101056,Bargain,2023-05-10,2023-08-06,App,South,55+
101057,Regular,2023-01-20,2024-11-25,App,East,35-44
101058,Regular,2023-01-17,2024-11-24,Web,East,35-44
101059,Regular,2023-03-08,2024-12-10,Web,West,25-34
101060,Bargain,2023-03-29,2024-12-29,App,North,25-34
101061,Regular,2023-01-30,2024-12-07,App,South,25-34
101062,Regular,2023-01-07,2024-10-30,App,North,55+
101063,Regular,2023-03-25,2024-12-21,App,West,35-44
101064,Regular,2023-01-27,2024-06-14,Web,East,25-34
101065,Bargain,2023-01-31,2024-12-10,App,South,18-24
101066,Regular,2023-04-09,2024-12-04,Web,East,25-34
101067,Regular,2023-01-02,2024-05-27,Web,South,18-24
101068,Value,2023-01-04,2023-11-21,App,North,18-24
101069,Regular,2023-02-01,2023-11-08,App,West,35-44
101070,Bargain,2023-01-08,2024-07-14,App,South,45-54
101071,Regular,2023-04-21,2023-12-23,Web,East,55+
101072,Regular,2023-02-04,2023-12-14,App,West,35-44
101073,Bargain,2023-02-08,2024-07-27,App,East,25-34
101074,Bargain,2023-04-18,2024-07-23,Web,East,25-34
101075,Regular,2023-01-22,2024-12-03,App,South,18-24
101076,Regular,2023-03-08,2024-12-29,Web,West,25-34
101077,Regular,2023-01-31,2024-12-08,App,North,18-24
101078,Regular,2023-03-04,2024-01-20,App,East,45-54
101079,Regular,2023-01-09,2024-12-10,App,South,45-54
101080,Regular,2023-01-17,2024-05-02,Web,West,35-44
101081,Bargain,2023-03-08,2024-08-16,Web,East,25-34
101082,Bargain,2023-02-28,2024-11-12,App,East,25-34
101083,Bargain,2023-02-02,2024-04-23,Web,South,35-44
101084,Bargain,2023-07-10,2024-09-19,App,South,35-44
101085,Regular,2023-04-29,2024-08-29,App,South,55+
101086,Regular,2023-02-23,2024-10-05,Web,South,35-44
101087,Regular,2023-01-30,2024-08-24,Web,North,35-44
101088,Regular,2023-07-01,2024-04-13,App,South,18-24
101089,Regular,2023-01-31,2024-12-02,Store,West,25-34
101090,Regular,2023-02-28,2024-08-21,Web,South,25-34
101091,Regular,2023-02-02,2024-08-01,App,West,25-34
101092,Regular,2023-01-15,2024-12-28,App,East,45-54
101093,Regular,2023-02-01,2024-12-30,App,West,18-24
101094,Regular,2023-01-18,2024-04-26,Web,South,35-44
101095,Regular,2023-02-05,2024-10-18,Web,South,25-34
101096,Regular,2023-02-08,2023-11-08,Web,West,25-34
101097,Bargain,2023-02-28,2024-12-02,App,East,25-34
101098,Bargain,2023-06-11,2024-06-15,App,South,45-54
101099,Value,2023-01-04,2024-05-06,App,East,25-34
101100,Value,2023-01-28,2024-10-13,App,West,55+
101101,Regular,2023-03-09,2024-08-16,Web,West,18-24
101102,Regular,2023-03-12,2024-12-08,App,North,35-44
101103,Bargain,2023-01-05,2024-12-30,App,North,18-24
101104,Value,2023-01-07,2024-12-19,App,North,35-44
101105,Regular,2023-02-07,2024-12-03,Web,South,25-34
101106,Value,2023-04-11,2024-12-27,App,South,18-24
101107,Regular,2023-01-03,2023-09-18,App,South,25-34
101108,Bargain,2023-02-20,2024-12-26,Store,North,55+
101109,Value,2023-01-28,2024-12-26,App,North,25-34
101110,Value,2023-01-18,2024-06-10,App,South,35-44
101111,Regular,2023-02-05,2024-12-14,App,North,25-34
101112,Regular,2023-03-01,2024-01-07,App,East,35-44
101113,Bargain,2023-01-09,2024-12-06,App,West,25-34
101114,Bargain,2023-01-29,2024-11-27,Web,South,25-34
101115,Value,2023-02-21,2024-12-13,App,West,35-44
101116,Value,2023-01-22,2024-12-12,App,North,18-24
101117,Regular,2023-01-21,2024-09-04,Store,East,35-44
101118,Regular,2023-02-26,2024-12-28,App,South,35-44
101119,Bargain,2023-03-04,2024-10-20,App,West,55+
101120,Regular,2023-02-05,2024-05-03,Web,North,35-44
101121,Value,2023-01-09,2024-12-02,App,East,35-44
101122,Bargain,2023-02-28,2024-09-26,Web,East,25-34
101123,Value,2023-01-25,2024-05-27,Web,East,25-34
101124,Regular,2023-01-13,2023-10-19,Web,West,18-24
101125,Regular,2023-01-18,2024-08-31,App,East,25-34
101126,Regular,2023-01-06,2024-04-22,Web,West,25-34
101127,Regular,2023-03-08,2023-11-04,App,West,25-34
101128,Regular,2023-01-22,2024-11-19,App,West,18-24
101129,Bargain,2023-02-14,2024-07-18,Web,North,25-34
101130,Bargain,2023-01-26,2024-02-07,Web,West,18-24
101131,Regular,2023-02-01,2024-09-27,App,West,35-44
101132,Value,2023-01-05,2024-12-13,App,North,45-54
101133,Regular,2023-04-17,2023-10-29,App,South,25-34
101134,Bargain,2023-03-17,2024-06-22,App,North,25-34
101135,Regular,2023-01-27,2024-10-16,App,East,45-54
101136,Regular,2023-01-01,2024-11-08,Web,North,25-34
101137,Regular,2023-04-05,2024-03-01,App,West,25-34
101138,Value,2023-02-07,2024-02-06,App,North,55+
101139,Regular,2023-01-18,2024-12-03,Web,West,55+
101140,Regular,2023-04-06,2024-03-27,Store,West,35-44
101141,Regular,2023-01-20,2024-04-06,Web,North,35-44
101142,Bargain,2023-03-30,2024-01-21,Web,East,25-34
101143,Bargain,2023-01-04,2024-10-24,App,North,18-24
101144,Regular,2023-02-02,2024-12-29,Web,North,35-44
101145,Regular,2023-02-07,2024-12-20,App,East,35-44
101146,Regular,2023-03-24,2024-06-09,App,West,25-34
101147,Bargain,2023-01-26,2024-03-09,App,West,18-24
101148,Regular,2023-05-03,2024-12-12,Web,East,18-24
101149,Bargain,2023-02-25,2024-09-13,Web,East,35-44
101150,Value,2023-01-15,2024-12-16,App,North,18-24
101151,Bargain,2023-02-13,2024-08-04,Store,North,35-44
101152,Value,2023-01-24,2024-11-01,App,South,25-34
101153,Value,2023-01-16,2024-09-10,App,West,25-34
101154,Regular,2023-02-12,2024-12-13,App,North,55+
101155,Value,2023-02-06,2024-04-03,App,South,18-24
101156,Value,2023-01-12,2024-11-26,App,North,35-44
101157,Value,2023-01-14,2024-01-23,Web,East,18-24
101158,Regular,2023-02-27,2024-04-08,Store,North,45-54
101159,Regular,2023-02-20,2024-11-02,Web,East,35-44
101160,Value,2023-01-26,2024-10-21,App,West,18-24
101161,Regular,2023-01-06,2024-12-23,App,South,18-24
101162,Bargain,2023-01-02,2024-08-29,Web,South,45-54
101163,Value,2023-02-05,2024-11-03,App,South,45-54
101164,Value,2023-02-14,2024-11-20,App,North,25-34
101165,Bargain,2023-02-04,2024-08-18,App,East,45-54
101166,Bargain,2023-03-20,2024-12-03,Store,South,18-24
101167,Regular,2023-02-01,2024-12-15,Web,West,55+
101168,Bargain,2023-08-23,2023-09-27,Store,North,55+
101169,Value,2023-01-09,2024-11-07,App,North,35-44
101170,Regular,2023-01-20,2024-11-25,App,North,25-34
101171,Regular,2023-01-01,2024-10-27,Web,West,25-34
101172,Regular,2023-02-15,2024-11-20,App,South,35-44
101173,Regular,2023-03-08,2024-11-29,App,South,55+
101174,Regular,2023-01-18,2024-12-20,App,North,35-44
101175,Regular,2023-01-26,2024-12-13,Web,East,55+
101176,Regular,2023-01-21,2024-10-19,App,East,35-44
101177,Regular,2023-03-12,2024-12-02,App,South,55+
101178,Regular,2023-01-01,2024-12-30,App,West,35-44
101179,Regular,2023-01-16,2024-12-18,Web,North,55+
101180,Regular,2023-03-13,2024-05-30,App,West,45-54
101181,Value,2023-01-04,2024-12-25,App,South,55+
101182,Value,2023-02-20,2024-12-25,App,West,35-44
101183,Value,2023-01-12,2024-12-17,Web,South,55+
101184,Value,2023-01-30,2024-05-07,App,South,25-34
101185,Bargain,2023-08-01,2024-12-10,Web,West,35-44
101186,Regular,2023-01-15,2024-12-12,App,South,35-44
101187,Bargain,2023-03-15,2023-08-09,Web,South,45-54
101188,Value,2023-03-03,2024-11-19,App,West,25-34
101189,Regular,2023-01-31,2024-12-02,Store,North,25-34
101190,Regular,2023-01-28,2024-10-18,Web,West,35-44
101191,Regular,2023-04-08,2024-04-12,Web,South,25-34
101192,Bargain,2023-06-07,2024-10-22,App,West,55+
101193,Bargain,2023-04-02,2024-12-10,Web,East,25-34
101194,Bargain,2023-01-20,2023-12-31,App,South,25-34
101195,Value,2023-01-14,2024-11-17,App,East,18-24
101196,Regular,2023-01-02,2024-12-05,App,South,45-54
101197,Regular,2023-01-31,2023-01-31,Store,South,45-54
101198,Regular,2023-01-23,2024-11-22,Store,West,35-44
101199,Regular,2023-01-18,2024-12-20,App,East,25-34
101200,Regular,2023-01-30,2024-12-20,Web,South,55+
101201,Regular,2023-01-17,2024-12-01,Store,West,35-44
101202,Bargain,2023-05-15,2024-07-31,Store,East,25-34
101203,Regular,2023-02-07,2024-08-26,Store,North,25-34
101204,Value,2023-01-10,2024-02-25,Web,East,18-24
101205,Value,2023-01-30,2024-12-12,App,West,25-34
101206,Regular,2023-01-05,2024-12-07,App,West,25-34
101207,Regular,2023-01-05,2024-09-29,App,West,55+
101208,Regular,2023-02-09,2024-10-13,Store,North,25-34
101209,Regular,2023-02-22,2024-10-19,Web,West,35-44
101210,Regular,2023-02-02,2024-06-26,Web,North,35-44
101211,Bargain,2023-01-18,2024-12-10,App,East,55+
101212,Regular,2023-03-31,2024-06-25,App,East,35-44
101213,Regular,2023-01-19,2024-11-23,App,West,25-34
101214,Regular,2023-01-04,2024-10-19,Store,South,35-44
101215,Regular,2023-01-18,2024-10-17,Web,East,35-44
101216,Regular,2023-02-21,2024-11-20,Web,East,25-34
101217,Regular,2023-01-05,2024-11-15,App,North,45-54
101218,Regular,2023-01-12,2024-10-19,App,South,25-34
101219,Value,2023-01-14,2024-11-27,App,South,18-24
101220,Value,2023-01-03,2024-12-31,Store,North,45-54
101221,Regular,2023-02-08,2023-12-28,Web,North,18-24
101222,Bargain,2023-02-12,2024-09-30,App,West,45-54
101223,Regular,2023-01-27,2023-10-22,App,West,45-54
101224,Value,2023-01-04,2024-12-29,App,South,25-34
101225,Bargain,2023-01-05,2024-06-25,App,South,55+
101226,Regular,2023-01-01,2024-12-06,App,West,18-24
101227,Regular,2023-05-12,2023-11-26,App,East,35-44
101228,Bargain,2023-01-17,2024-10-17,Web,West,25-34
101229,Value,2023-01-19,2024-12-26,App,East,25-34
101230,Regular,2023-01-19,2024-12-25,Web,West,45-54
101231,Regular,2023-01-04,2024-10-18,App,North,25-34
101232,Value,2023-01-09,2024-12-19,App,South,25-34
101233,Regular,2023-02-01,2024-01-13,Web,South,35-44
101234,Regular,2023-02-22,2024-12-21,Web,West,45-54
101235,Value,2023-02-09,2024-08-08,Web,West,18-24
101236,Regular,2023-05-13,2024-12-26,App,North,25-34
101237,Regular,2023-02-10,2024-12-08,Web,South,25-34
101238,Value,2023-03-02,2024-12-17,App,East,25-34
101239,Value,2023-02-07,2024-12-29,Web,East,35-44
101240,Bargain,2023-01-08,2024-11-29,Web,North,25-34
101241,Regular,2023-01-31,2024-05-13,Web,West,45-54
101242,Regular,2023-03-01,2024-03-06,Web,South,35-44
101243,Value,2023-01-04,2024-12-30,App,South,25-34
101244,Regular,2023-01-13,2024-06-17,Web,South,35-44
101245,Regular,2023-01-16,2024-10-23,Web,West,45-54
101246,Regular,2023-04-18,2024-12-18,Web,North,45-54
101247,Regular,2023-01-26,2024-12-02,Web,North,35-44
101248,Bargain,2023-04-20,2024-08-21,App,West,35-44
101249,Bargain,2023-08-21,2024-09-23,Store,West,25-34
101250,Value,2023-01-14,2024-12-20,Web,West,35-44
101251,Value,2023-05-12,2024-08-09,App,West,35-44
101252,Value,2023-01-04,2024-12-28,Web,South,25-34
101253,Regular,2023-01-05,2024-10-25,App,East,18-24
101254,Value,2023-01-11,2024-11-28,Web,East,25-34
101255,Bargain,2023-03-07,2024-12-29,Web,South,55+
101256,Regular,2023-01-31,2024-06-28,App,South,35-44
101257,Bargain,2023-02-06,2024-09-29,App,East,18-24
101258,Regular,2023-03-12,2024-10-25,Web,East,18-24
101259,Bargain,2023-08-03,2024-05-07,Web,East,25-34
101260,Value,2023-01-02,2024-11-25,App,East,25-34
101261,Regular,2023-02-12,2023-12-25,App,North,45-54
101262,Regular,2023-01-22,2024-10-16,App,South,18-24
101263,Bargain,2023-01-04,2024-11-04,App,West,55+
101264,Regular,2023-02-18,2024-12-23,Web,South,25-34
101265,Bargain,2023-01-10,2024-11-08,Web,West,45-54
101266,Value,2023-01-09,2024-01-09,Store,East,35-44
101267,Bargain,2023-01-01,2024-10-14,App,West,25-34
101268,Regular,2023-03-19,2023-10-11,Web,East,25-34
101269,Regular,2023-01-07,2024-06-30,App,East,25-34
101270,Bargain,2023-03-12,2024-10-20,App,South,18-24
101271,Regular,2023-02-21,2023-10-19,Web,West,25-34
101272,Regular,2023-01-18,2024-10-16,App,South,35-44
101273,Regular,2023-01-07,2024-08-17,App,South,35-44
101274,Value,2023-01-14,2023-11-04,App,West,25-34
101275,Regular,2023-01-29,2024-12-05,Web,West,18-24
101276,Value,2023-01-26,2024-10-20,App,East,35-44
101277,Value,2023-01-22,2024-11-07,Web,North,25-34
101278,Bargain,2023-03-03,2024-12-30,Web,North,18-24
101279,Regular,2023-02-15,2024-03-01,App,South,25-34
101280,Regular,2023-01-22,2024-10-04,App,West,25-34
101281,Regular,2023-01-13,2024-07-31,App,East,25-34
101282,Regular,2023-05-12,2024-12-08,App,North,18-24
101283,Regular,2023-02-11,2024-10-03,App,East,45-54
101284,Bargain,2023-02-13,2024-12-12,Web,East,45-54
101285,Bargain,2023-03-04,2024-12-22,App,South,25-34
101286,Regular,2023-03-29,2024-12-08,Web,East,35-44
101287,Regular,2023-01-02,2024-12-20,Store,West,45-54
101288,Regular,2023-01-12,2024-06-06,App,North,25-34
101289,Regular,2023-01-14,2024-12-19,Web,East,45-54
101290,Regular,2023-02-25,2024-12-22,Web,West,35-44
101291,Regular,2023-01-11,2024-11-13,App,South,45-54
101292,Regular,2023-03-22,2024-12-09,Store,East,45-54
101293,Regular,2023-01-28,2024-12-11,Web,East,35-44
101294,Regular,2023-03-05,2024-05-22,App,East,45-54
101295,Regular,2023-01-23,2024-04-15,Web,East,18-24
101296,Value,2023-01-23,2024-12-28,App,South,18-24
101297,Value,2023-02-09,2024-12-25,Web,East,45-54
101298,Regular,2023-01-30,2023-10-01,App,East,35-44
101299,Regular,2023-04-20,2024-10-07,App,South,25-34
101300,Regular,2023-01-07,2024-05-01,App,South,18-24
101301,Regular,2023-01-17,2024-11-11,Store,West,25-34
101302,Regular,2023-03-06,2024-12-20,Web,South,18-24
101303,Regular,2023-01-24,2024-03-23,Web,North,35-44
101304,Bargain,2023-02-05,2024-12-13,App,West,35-44
101305,Bargain,2023-05-01,2024-09-12,Web,East,35-44
101306,Regular,2023-05-01,2024-12-07,App,West,18-24
101307,Regular,2023-01-14,2024-12-24,App,South,35-44
101308,Value,2023-01-11,2024-07-03,App,West,35-44
101309,Bargain,2023-02-14,2024-12-21,App,West,18-24
101310,Regular,2023-01-29,2024-10-29,Web,North,25-34
101311,Bargain,2023-01-09,2024-08-22,App,East,45-54
101312,Regular,2023-07-18,2024-12-23,Web,East,55+
101313,Value,2023-01-01,2024-08-18,Web,South,25-34
101314,Value,2023-01-01,2024-12-28,App,South,18-24
101315,Regular,2023-01-12,2024-12-26,App,South,18-24
101316,Regular,2023-02-12,2024-12-20,Web,East,25-34
101317,Value,2023-01-06,2024-12-06,App,West,18-24
101318,Regular,2023-03-13,2024-10-05,Web,North,25-34
101319,Bargain,2023-05-21,2024-12-21,Web,West,25-34
101320,Regular,2023-06-08,2024-05-15,App,West,35-44
101321,Regular,2023-02-09,2024-11-08,Web,East,25-34
101322,Value,2023-02-07,2024-11-18,Web,West,18-24
101323,Regular,2023-02-23,2024-07-01,Web,East,35-44
101324,Regular,2023-03-20,2024-12-20,App,South,35-44
101325,Bargain,2023-04-13,2024-11-04,App,South,25-34
101326,Regular,2023-02-15,2024-12-28,Web,North,35-44
101327,Regular,2023-01-24,2024-11-26,Web,West,25-34
101328,Regular,2023-02-07,2024-12-25,App,South,35-44
101329,Value,2023-03-06,2024-01-13,App,West,45-54
101330,Regular,2023-01-13,2024-10-14,App,South,25-34
101331,Regular,2023-05-17,2024-09-30,Web,East,35-44
101332,Regular,2023-01-02,2024-12-19,App,East,45-54
101333,Bargain,2023-04-14,2024-12-29,App,West,25-34
101334,Bargain,2023-02-21,2024-09-22,App,South,35-44
101335,Bargain,2023-01-31,2024-10-10,Web,South,35-44
101336,Value,2023-04-09,2024-09-11,App,West,55+
101337,Regular,2023-07-14,2023-12-01,Web,West,18-24
101338,Bargain,2023-12-06,2024-07-29,App,North,55+
101339,Regular,2023-03-22,2024-10-29,App,East,35-44
101340,Value,2023-01-23,2024-12-10,Web,South,25-34
101341,Bargain,2023-02-21,2024-10-24,App,South,25-34
101342,Regular,2023-07-06,2024-12-06,Web,East,35-44
101343,Regular,2023-02-12,2024-12-10,Web,South,25-34
101344,Bargain,2023-02-02,2024-08-05,Web,South,25-34
101345,Regular,2023-01-13,2024-12-31,Web,South,55+
101346,Regular,2023-01-16,2024-11-08,Web,West,45-54
101347,Regular,2023-01-16,2024-12-09,Web,South,25-34
101348,Regular,2023-01-04,2024-08-21,App,South,45-54
101349,Value,2023-01-12,2024-12-23,App,West,55+
101350,Regular,2023-04-15,2024-12-20,App,North,18-24
101351,Bargain,2023-03-14,2024-12-12,App,South,55+
101352,Regular,2023-01-18,2024-10-11,Web,South,35-44
101353,Regular,2023-01-01,2024-12-12,Web,North,18-24
101354,Bargain,2023-04-02,2023-04-02,Web,South,18-24
101355,Value,2023-01-11,2024-12-23,App,West,35-44
101356,Regular,2023-01-09,2024-06-25,App,North,25-34
101357,Regular,2023-01-19,2024-08-14,Web,East,25-34
101358,Regular,2023-01-22,2024-12-14,App,South,35-44
101359,Value,2023-01-07,2024-12-14,App,South,18-24
101360,Regular,2023-03-08,2024-07-06,App,East,45-54
101361,Regular,2023-05-09,2024-10-20,App,East,25-34
101362,Regular,2023-01-10,2024-06-15,App,North,25-34
101363,Value,2023-03-20,2024-10-05,App,East,35-44
101364,Regular,2023-02-13,2024-12-27,App,South,18-24
101365,Regular,2023-02-16,2024-12-23,App,North,55+
101366,Regular,2023-03-19,2024-11-28,Web,North,35-44
101367,Value,2023-02-16,2024-10-20,App,South,18-24
101368,Value,2023-02-22,2024-12-02,Web,East,25-34
101369,Regular,2023-02-13,2024-12-19,Web,South,35-44
101370,Value,2023-01-17,2024-12-20,App,East,35-44
101371,Bargain,2023-01-26,2024-05-28,Web,South,45-54
101372,Regular,2023-06-12,2024-12-22,Web,North,25-34
101373,Bargain,2023-02-12,2024-10-15,App,East,35-44
101374,Bargain,2023-01-19,2024-08-16,Web,West,35-44
101375,Value,2023-01-06,2024-10-03,App,North,35-44
101376,Regular,2023-06-10,2024-08-15,Web,West,25-34
101377,Bargain,2023-09-13,2024-10-11,Web,West,35-44
101378,Regular,2023-03-14,2024-02-19,App,North,18-24
101379,Regular,2023-02-15,2024-12-08,App,South,35-44
101380,Regular,2023-01-30,2024-12-12,Web,North,35-44
101381,Value,2023-03-13,2024-12-29,Web,East,25-34
101382,Regular,2023-03-24,2024-05-10,Web,South,18-24
101383,Bargain,2023-02-27,2024-12-12,Web,North,18-24
101384,Bargain,2023-01-01,2023-10-08,Store,South,35-44
101385,Value,2023-01-21,2024-12-20,Store,East,35-44
101386,Regular,2023-02-12,2024-08-09,Web,East,35-44
101387,Regular,2023-04-02,2023-12-15,Web,West,25-34
101388,Bargain,2023-03-12,2024-12-31,Web,North,55+
101389,Value,2023-03-21,2024-09-16,Web,East,45-54
101390,Bargain,2023-02-03,2024-05-31,Web,North,45-54
101391,Bargain,2023-05-24,2024-11-25,Web,North,35-44
101392,Value,2023-01-13,2024-05-05,App,East,25-34
101393,Value,2023-01-11,2024-05-12,App,South,18-24
101394,Bargain,2023-01-17,2024-12-27,App,West,45-54
101395,Value,2023-01-05,2024-12-24,Web,North,55+
101396,Regular,2023-01-03,2024-12-20,Web,South,18-24
101397,Bargain,2023-01-09,2024-06-04,Web,West,35-44
101398,Regular,2023-01-18,2024-10-29,Web,West,25-34
101399,Regular,2023-01-03,2024-11-01,Web,West,35-44
101400,Regular,2023-02-18,2023-10-03,Web,North,25-34
101401,Value,2023-01-10,2024-09-12,App,East,18-24
101402,Bargain,2023-02-16,2024-08-11,App,North,55+
101403,Regular,2023-03-06,2024-12-20,App,South,18-24
101404,Value,2023-01-06,2024-01-26,Web,West,45-54
101405,Regular,2023-01-20,2024-11-18,App,East,55+
101406,Bargain,2023-01-27,2024-12-06,Store,East,18-24
101407,Value,2023-01-26,2024-07-29,Web,South,45-54
101408,Bargain,2023-03-06,2024-12-27,Web,South,45-54
101409,Regular,2023-03-17,2023-09-22,Web,East,25-34
101410,Bargain,2023-01-22,2023-07-17,App,East,45-54
101411,Bargain,2023-01-30,2024-10-21,Store,South,25-34
101412,Bargain,2023-03-05,2024-12-15,App,West,25-34
101413,Bargain,2023-02-01,2024-06-05,App,East,35-44
101414,Value,2023-01-17,2024-10-28,Web,West,45-54
101415,Regular,2023-02-24,2024-04-05,Store,North,18-24
101416,Regular,2023-01-06,2024-12-15,App,East,45-54
101417,Regular,2023-02-11,2024-06-15,Web,East,18-24
101418,Bargain,2023-01-10,2024-12-24,App,North,45-54
101419,Bargain,2023-02-14,2024-12-30,App,South,25-34
101420,Regular,2023-01-19,2023-12-25,Web,North,45-54
101421,Regular,2023-02-01,2024-10-23,App,North,35-44
101422,Regular,2023-02-04,2024-12-20,App,North,25-34
101423,Regular,2023-02-13,2024-12-31,App,East,35-44
101424,Regular,2023-03-25,2024-03-14,Web,West,55+
101425,Regular,2023-02-05,2024-05-05,Web,South,35-44
101426,Value,2023-01-05,2024-09-11,Web,West,45-54
101427,Value,2023-01-06,2024-12-29,Web,North,35-44
101428,Regular,2023-01-02,2024-12-19,Web,East,25-34
101429,Regular,2023-04-17,2024-05-09,Web,East,25-34
101430,Bargain,2023-03-09,2024-11-22,Store,South,25-34
101431,Regular,2023-05-27,2024-11-29,Store,East,25-34
101432,Value,2023-01-24,2023-11-27,App,South,25-34
101433,Value,2023-02-17,2024-12-27,App,East,25-34
101434,Regular,2023-01-15,2024-12-28,Store,South,45-54
101435,Bargain,2023-01-11,2024-10-17,Web,North,35-44
101436,Regular,2023-01-25,2024-09-03,App,South,35-44
101437,Regular,2023-01-12,2023-06-14,App,North,35-44
101438,Bargain,2023-02-07,2024-12-11,Web,South,55+
101439,Bargain,2023-01-24,2024-08-16,Web,East,35-44
101440,Regular,2023-04-10,2024-11-16,App,South,25-34
101441,Value,2023-01-01,2024-11-27,App,East,45-54
101442,Value,2023-01-17,2024-12-24,Store,East,45-54
101443,Value,2023-01-11,2024-12-18,Store,North,18-24
101444,Value,2023-01-18,2024-08-04,Web,South,25-34
101445,Regular,2023-03-05,2023-09-25,Web,North,18-24
101446,Bargain,2023-06-06,2024-11-01,Web,North,25-34
101447,Regular,2023-02-10,2024-11-27,Web,West,25-34
101448,Regular,2023-01-31,2024-11-08,App,North,35-44
101449,Regular,2023-03-27,2024-11-25,Web,South,18-24
101450,Bargain,2023-03-02,2024-05-10,Store,North,25-34
101451,Regular,2023-01-02,2024-12-22,App,West,25-34
101452,Bargain,2023-02-12,2024-07-28,App,North,18-24
101453,Bargain,2023-01-10,2024-08-09,Store,South,25-34
101454,Regular,2023-04-23,2024-12-15,App,West,25-34
101455,Value,2023-02-01,2024-10-08,Web,West,25-34
101456,Regular,2023-01-10,2024-10-17,Store,North,25-34
101457,Regular,2023-01-19,2024-12-24,Web,East,25-34
101458,Bargain,2023-01-05,2024-12-22,App,East,25-34
101459,Regular,2023-02-20,2024-12-17,App,East,18-24
101460,Regular,2023-01-13,2024-04-06,Store,East,35-44
101461,Regular,2023-01-16,2024-11-07,App,South,45-54
101462,Value,2023-01-01,2024-10-05,App,North,45-54
101463,Regular,2023-02-16,2023-10-07,Web,East,18-24
101464,Regular,2023-01-12,2024-10-20,App,South,35-44
101465,Regular,2023-03-30,2024-12-23,Web,West,45-54
101466,Regular,2023-02-12,2024-11-01,App,West,18-24
101467,Regular,2023-03-01,2024-12-24,Web,East,18-24
101468,Regular,2023-01-04,2024-10-12,Web,East,18-24
101469,Value,2023-02-11,2024-10-16,App,South,18-24
101470,Bargain,2023-04-01,2024-11-01,Web,East,18-24
101471,Value,2023-01-21,2024-12-21,App,East,25-34
101472,Value,2023-01-20,2024-12-29,Store,South,18-24
101473,Regular,2023-02-04,2024-09-04,Web,North,45-54
101474,Regular,2023-03-12,2024-09-26,Web,West,25-34
101475,Regular,2023-01-10,2024-03-20,Store,West,45-54
101476,Regular,2023-01-24,2024-12-28,Store,West,18-24
101477,Bargain,2023-01-16,2024-06-15,App,East,45-54
101478,Regular,2023-01-31,2024-05-29,App,South,18-24
101479,Regular,2023-02-02,2024-02-23,Web,South,45-54
101480,Regular,2023-01-07,2024-09-16,App,West,18-24
101481,Value,2023-01-13,2024-12-21,Web,East,18-24
101482,Regular,2023-01-08,2024-09-21,App,North,55+
101483,Regular,2023-01-01,2024-12-03,App,South,35-44
101484,Regular,2023-02-07,2024-12-10,Web,East,25-34
101485,Value,2023-01-01,2024-12-11,App,North,25-34
101486,Bargain,2023-01-04,2024-05-23,Web,East,25-34
101487,Regular,2023-01-03,2024-11-14,Web,West,55+
101488,Bargain,2023-01-11,2024-08-07,Web,West,18-24
101489,Regular,2023-02-11,2024-12-03,Web,West,45-54
101490,Value,2023-01-08,2024-11-14,App,East,18-24
101491,Bargain,2023-01-27,2024-08-12,Web,North,25-34
101492,Regular,2023-05-04,2024-12-15,Web,East,45-54
101493,Regular,2023-03-20,2024-05-12,App,North,25-34
101494,Regular,2023-02-11,2024-12-09,Web,East,35-44
101495,Regular,2023-03-09,2024-10-17,App,West,18-24
101496,Bargain,2023-02-27,2024-11-20,Web,North,18-24
101497,Regular,2023-01-04,2024-10-16,App,West,35-44
101498,Regular,2023-02-03,2024-11-16,Web,South,35-44
101499,Regular,2023-01-31,2024-12-06,App,West,25-34
101500,Regular,2023-01-26,2024-12-15,App,North,18-24
101501,Bargain,2023-02-08,2024-02-13,App,West,35-44
101502,Regular,2023-02-06,2024-10-05,App,West,45-54
101503,Regular,2023-02-05,2024-09-11,App,West,55+
101504,Bargain,2023-01-11,2024-07-22,Web,North,18-24
101505,Regular,2023-02-24,2024-07-20,App,North,35-44
101506,Regular,2023-02-07,2024-12-09,Web,South,25-34
101507,Regular,2023-02-18,2024-01-02,Web,South,55+
101508,Regular,2023-01-29,2024-11-21,App,West,35-44
101509,Regular,2023-01-10,2024-12-02,App,South,35-44
101510,Value,2023-01-31,2024-12-28,Web,North,45-54
101511,Value,2023-02-04,2024-05-02,Web,East,18-24
101512,Regular,2023-02-19,2024-05-29,Web,West,25-34
101513,Regular,2023-01-31,2024-06-11,App,North,45-54
101514,Bargain,2023-04-13,2024-08-12,Web,North,35-44
101515,Regular,2023-01-29,2024-11-10,Web,North,35-44
101516,Value,2023-02-03,2024-11-30,App,West,18-24
101517,Bargain,2023-06-09,2024-12-03,App,West,55+
101518,Value,2023-02-09,2024-03-09,App,West,35-44
101519,Value,2023-01-20,2024-08-15,Store,North,18-24
101520,Regular,2023-01-29,2024-12-02,App,North,55+
101521,Regular,2023-01-18,2024-12-11,App,East,35-44
101522,Bargain,2023-01-13,2024-11-08,Store,East,25-34
101523,Regular,2023-01-10,2024-07-06,App,North,18-24
101524,Regular,2023-01-03,2024-02-06,App,West,25-34
101525,Value,2023-03-01,2024-12-13,App,North,18-24
101526,Regular,2023-06-11,2024-10-29,Web,South,18-24
101527,Regular,2023-03-31,2024-10-03,Web,East,25-34
101528,Value,2023-01-20,2024-12-27,App,East,25-34
101529,Regular,2023-01-22,2024-07-10,Web,North,18-24
101530,Regular,2023-01-13,2023-06-24,App,West,35-44
101531,Value,2023-01-25,2024-12-15,App,North,35-44
101532,Regular,2023-01-21,2024-12-12,Web,West,18-24
101533,Regular,2023-01-16,2023-12-12,App,West,25-34
101534,Value,2023-01-11,2024-12-17,App,East,18-24
101535,Regular,2023-01-09,2023-12-29,Store,North,55+
101536,Regular,2023-02-03,2024-06-01,Web,South,18-24
101537,Regular,2023-02-02,2024-12-13,App,West,25-34
101538,Bargain,2023-01-15,2024-12-09,App,North,25-34
101539,Regular,2023-02-10,2024-12-24,Web,West,25-34
101540,Bargain,2023-01-04,2024-10-25,Web,West,45-54
101541,Regular,2023-05-29,2023-10-28,App,South,55+
101542,Regular,2023-04-24,2024-07-14,App,South,25-34
101543,Value,2023-01-08,2024-12-17,Web,North,18-24
101544,Regular,2023-02-06,2023-12-11,App,South,18-24
101545,Regular,2023-01-20,2024-11-11,App,South,18-24
101546,Regular,2023-03-12,2024-09-14,Web,East,25-34
101547,Regular,2023-03-17,2024-12-26,Store,South,25-34
101548,Regular,2023-05-18,2024-05-13,App,East,35-44
101549,Regular,2023-03-19,2023-12-20,App,West,45-54
101550,Value,2023-01-08,2024-12-18,Web,South,25-34
101551,Regular,2023-01-12,2024-02-21,Web,East,25-34
101552,Regular,2023-02-17,2024-11-22,App,South,35-44
101553,Regular,2023-02-03,2024-08-19,Web,West,25-34
101554,Regular,2023-04-01,2023-11-21,App,West,25-34
101555,Regular,2023-01-29,2024-09-25,App,North,25-34
101556,Bargain,2023-02-23,2024-11-28,Web,East,35-44
101557,Regular,2023-01-20,2024-06-09,Web,South,18-24
101558,Regular,2023-01-30,2024-12-07,App,South,35-44
101559,Bargain,2023-03-06,2024-01-26,App,North,25-34
101560,Bargain,2023-05-30,2024-08-23,Web,West,18-24
101561,Regular,2023-01-10,2024-12-14,Web,West,55+
101562,Bargain,2023-08-16,2024-06-21,Web,East,55+
101563,Bargain,2023-03-20,2024-11-04,App,South,45-54
101564,Regular,2023-02-01,2024-12-16,Web,South,35-44
101565,Regular,2023-05-13,2024-12-18,Web,East,18-24
101566,Value,2023-02-10,2024-12-20,Web,South,25-34
101567,Value,2023-01-12,2024-11-27,Web,North,18-24
101568,Regular,2023-02-19,2024-12-08,Web,South,25-34
101569,Regular,2023-01-14,2024-12-14,Web,North,35-44
101570,Regular,2023-05-25,2024-12-11,App,South,18-24
101571,Regular,2023-01-08,2024-11-22,App,South,35-44
101572,Regular,2023-01-11,2024-12-12,App,South,25-34
101573,Bargain,2023-02-22,2024-07-29,Web,North,55+
101574,Value,2023-01-08,2024-10-14,App,South,35-44
101575,Regular,2023-02-22,2024-12-03,App,South,25-34
101576,Regular,2023-02-10,2024-10-29,Web,East,18-24
101577,Bargain,2023-02-26,2024-12-11,Web,West,18-24
101578,Bargain,2023-01-13,2024-03-19,App,North,55+
101579,Bargain,2023-09-24,2024-12-26,App,West,25-34
101580,Bargain,2023-02-12,2024-11-07,Web,South,25-34
101581,Regular,2023-01-20,2024-11-29,Web,East,18-24
101582,Regular,2023-01-05,2024-11-24,App,West,45-54
101583,Regular,2023-03-07,2024-10-03,Web,South,35-44
101584,Regular,2023-01-03,2024-11-22,App,North,18-24
101585,Bargain,2023-03-07,2024-03-07,App,North,45-54
101586,Regular,2023-01-25,2024-11-22,Store,East,45-54
101587,Regular,2023-01-04,2024-10-29,App,North,25-34
101588,Regular,2023-01-18,2024-12-11,Store,South,35-44
101589,Value,2023-01-12,2024-12-24,Web,East,25-34
101590,Value,2023-01-08,2024-03-23,App,West,25-34
101591,Value,2023-01-24,2024-12-09,Web,East,35-44
101592,Bargain,2023-04-01,2024-10-02,Web,South,18-24
101593,Regular,2023-01-08,2024-11-27,Web,West,25-34
101594,Bargain,2023-02-15,2024-10-24,App,East,25-34
101595,Regular,2023-03-08,2024-02-12,App,South,55+
101596,Value,2023-01-16,2023-12-12,Store,North,45-54
101597,Value,2023-01-19,2024-11-13,App,South,25-34
101598,Bargain,2023-03-13,2024-02-08,App,South,55+
101599,Regular,2023-01-08,2024-12-31,Web,South,18-24
101600,Bargain,2023-01-03,2023-11-06,App,South,35-44
101601,Value,2023-01-16,2023-11-19,App,North,25-34
101602,Regular,2023-01-29,2024-08-28,Web,West,35-44
101603,Bargain,2023-07-29,2024-02-04,Web,South,35-44
101604,Regular,2023-01-02,2024-09-22,App,North,35-44
101605,Regular,2023-01-10,2024-06-11,Store,South,35-44
101606,Bargain,2023-01-08,2024-10-22,Web,West,35-44
101607,Regular,2023-03-08,2023-10-26,App,West,55+
101608,Regular,2023-01-19,2024-02-22,Store,East,45-54
101609,Regular,2023-01-15,2024-06-06,App,West,45-54
101610,Regular,2023-03-03,2024-12-27,App,North,35-44
101611,Regular,2023-04-12,2024-05-11,App,East,25-34
101612,Regular,2023-01-04,2024-12-24,Web,North,25-34
101613,Regular,2023-03-06,2023-07-09,Web,South,35-44
101614,Bargain,2023-03-01,2024-11-29,App,North,18-24
101615,Regular,2023-03-01,2023-12-14,Web,North,45-54
101616,Value,2023-01-16,2024-12-20,Web,West,25-34
101617,Regular,2023-02-25,2024-12-20,App,East,35-44
101618,Bargain,2023-02-22,2024-07-21,App,South,45-54
101619,Value,2023-01-09,2024-11-30,Web,East,45-54
101620,Regular,2023-03-13,2024-12-12,App,North,35-44
101621,Regular,2023-01-28,2024-03-15,App,East,18-24
101622,Bargain,2023-02-13,2024-01-31,Web,West,35-44
101623,Value,2023-03-08,2024-10-09,App,West,35-44
101624,Regular,2023-01-04,2024-07-21,Web,North,25-34
101625,Regular,2023-03-15,2024-07-27,Web,North,25-34
101626,Regular,2023-02-23,2024-12-26,Store,West,25-34
101627,Value,2023-02-19,2024-12-08,App,North,25-34
101628,Value,2023-02-13,2024-07-30,Web,North,55+
101629,Regular,2023-07-12,2024-12-23,App,East,25-34
101630,Regular,2023-01-28,2024-12-30,Store,South,55+
101631,Bargain,2023-04-20,2023-07-26,Web,East,35-44
101632,Regular,2023-03-02,2024-12-15,App,North,35-44
101633,Regular,2023-03-08,2024-11-30,Web,East,18-24
101634,Bargain,2023-03-25,2024-09-21,App,North,25-34
101635,Regular,2023-09-07,2024-08-13,Web,North,45-54
101636,Regular,2023-04-17,2023-11-30,Web,North,25-34
101637,Bargain,2023-01-27,2024-11-06,App,South,35-44
101638,Regular,2023-01-11,2024-12-23,Web,South,35-44
101639,Regular,2023-01-30,2024-10-21,Store,West,25-34
101640,Regular,2023-02-02,2024-12-12,App,North,45-54
101641,Value,2023-01-18,2024-12-24,Web,West,25-34
101642,Regular,2023-04-20,2024-12-16,App,East,45-54
101643,Regular,2023-01-03,2023-09-03,App,East,45-54
101644,Value,2023-01-08,2024-12-20,App,West,18-24
101645,Regular,2023-02-27,2024-01-07,Web,South,25-34
101646,Regular,2023-05-13,2024-05-29,App,West,45-54
101647,Regular,2023-03-21,2024-04-14,Web,West,55+
101648,Bargain,2023-01-22,2024-12-01,Store,East,18-24
101649,Bargain,2023-01-31,2024-01-28,App,South,25-34
101650,Regular,2023-02-01,2024-10-31,Web,South,55+
101651,Regular,2023-01-19,2024-09-25,App,West,55+
101652,Regular,2023-03-01,2024-12-21,Web,South,45-54
101653,Value,2023-01-27,2024-12-31,Web,South,25-34
101654,Bargain,2023-05-16,2024-06-28,Web,West,55+
101655,Regular,2023-02-15,2024-12-01,App,South,25-34
101656,Regular,2023-01-19,2024-11-03,Store,West,35-44
101657,Bargain,2023-07-11,2024-12-02,App,South,35-44
101658,Regular,2023-03-16,2024-12-09,Web,South,35-44
101659,Value,2023-01-03,2024-12-25,App,West,18-24
101660,Value,2023-01-03,2023-11-06,Web,North,35-44
101661,Regular,2023-01-19,2024-12-01,Store,West,18-24
101662,Regular,2023-03-06,2024-04-15,App,East,45-54
101663,Regular,2023-01-27,2024-11-25,Web,North,18-24
101664,Bargain,2023-01-27,2023-06-14,Web,East,45-54
101665,Bargain,2023-01-19,2024-12-08,Web,South,35-44
101666,Bargain,2023-05-17,2024-11-24,App,North,25-34
101667,Regular,2023-01-07,2024-11-29,Web,North,55+
101668,Value,2023-01-09,2024-06-12,Store,South,25-34
101669,Bargain,2023-02-13,2024-09-04,App,North,55+
101670,Regular,2023-03-28,2024-11-07,Web,South,25-34
101671,Regular,2023-01-27,2023-08-03,Web,South,55+
101672,Regular,2023-03-14,2024-12-16,App,South,25-34
101673,Value,2023-01-09,2024-11-17,App,East,18-24
101674,Regular,2023-01-28,2024-08-18,App,West,18-24
101675,Bargain,2023-02-04,2024-08-13,App,South,35-44
101676,Regular,2023-02-02,2024-11-27,Web,North,18-24
101677,Regular,2023-03-07,2024-12-07,Store,North,35-44
101678,Bargain,2023-01-15,2024-11-19,Store,East,18-24
101679,Regular,2023-01-09,2024-12-05,App,South,25-34
101680,Regular,2023-04-06,2024-11-26,Web,West,35-44
101681,Bargain,2023-01-16,2024-12-21,App,East,25-34
101682,Regular,2023-01-29,2024-09-25,App,North,55+
101683,Regular,2023-01-16,2024-09-14,App,West,25-34
101684,Value,2023-01-04,2023-12-10,App,West,35-44
101685,Regular,2023-09-01,2024-12-08,App,North,25-34
101686,Regular,2023-01-16,2024-12-31,Web,South,25-34
101687,Regular,2023-01-14,2024-11-20,App,South,55+
101688,Regular,2023-01-06,2024-12-22,Web,East,35-44
101689,Regular,2023-01-10,2024-11-05,Web,North,55+
101690,Regular,2023-01-16,2024-12-02,Web,East,18-24
101691,Bargain,2023-03-08,2024-10-18,App,North,25-34
101692,Regular,2023-03-09,2024-12-15,App,South,35-44
101693,Regular,2023-02-12,2024-09-17,App,East,35-44
101694,Regular,2023-01-08,2024-12-18,App,West,25-34
101695,Regular,2023-03-11,2023-09-14,Store,East,25-34
101696,Value,2023-02-20,2024-09-10,App,South,45-54
101697,Regular,2023-01-14,2024-07-05,App,West,25-34
101698,Bargain,2023-02-04,2024-10-20,App,North,18-24
101699,Regular,2023-02-10,2024-12-16,App,East,18-24
101700,Bargain,2023-04-24,2024-01-28,Web,West,35-44
101701,Bargain,2023-02-10,2024-09-22,Web,East,18-24
101702,Regular,2023-02-01,2024-12-06,Store,East,45-54
101703,Regular,2023-02-11,2024-03-29,App,East,55+
101704,Regular,2023-02-03,2024-10-23,App,South,35-44
101705,Bargain,2023-05-10,2024-09-28,Web,North,18-24
101706,Value,2023-01-21,2024-02-03,App,South,35-44
101707,Regular,2023-01-11,2024-12-30,Web,West,25-34
101708,Bargain,2023-01-15,2024-06-15,Web,South,18-24
101709,Regular,2023-03-08,2024-09-27,App,East,25-34
101710,Regular,2023-05-13,2023-12-04,App,East,25-34
101711,Regular,2023-02-28,2024-10-18,App,North,25-34
101712,Bargain,2023-02-10,2023-08-08,Web,West,25-34
101713,Bargain,2023-01-23,2024-11-02,App,South,45-54
101714,Regular,2023-02-15,2024-12-25,Web,North,35-44
101715,Regular,2023-01-04,2024-09-29,App,South,35-44
101716,Regular,2023-02-25,2024-12-30,Web,South,35-44
101717,Regular,2023-02-05,2024-12-08,Store,South,55+
101718,Regular,2023-02-14,2024-12-22,Store,South,25-34
101719,Bargain,2023-01-15,2024-10-14,Web,North,25-34
101720,Value,2023-01-23,2024-12-23,App,North,18-24
101721,Regular,2023-03-08,2024-09-23,Web,North,55+
101722,Regular,2023-03-05,2024-10-16,App,South,18-24
101723,Regular,2023-01-11,2024-08-05,App,South,45-54
101724,Regular,2023-04-21,2024-12-15,App,North,35-44
101725,Value,2023-01-03,2024-12-25,App,North,18-24
101726,Regular,2023-01-04,2024-03-11,App,West,25-34
101727,Bargain,2023-03-19,2023-11-19,Web,East,25-34
101728,Value,2023-01-23,2024-12-09,App,West,25-34
101729,Regular,2023-01-06,2024-12-23,Store,North,35-44
101730,Bargain,2023-01-15,2024-09-29,App,North,35-44
101731,Value,2023-01-15,2024-12-21,App,South,45-54
101732,Regular,2023-01-13,2024-12-01,App,South,35-44
101733,Regular,2023-02-26,2024-11-17,Web,East,35-44
101734,Bargain,2023-02-26,2023-07-11,Web,South,18-24
101735,Regular,2023-05-13,2024-12-05,Web,East,35-44
101736,Bargain,2023-05-22,2023-11-12,App,West,35-44
101737,Regular,2023-02-03,2024-12-05,Web,North,45-54
101738,Regular,2023-01-22,2024-12-28,Web,East,35-44
101739,Regular,2023-01-12,2024-11-30,App,East,25-34
101740,Regular,2023-01-23,2024-11-18,App,West,55+
101741,Regular,2023-01-01,2024-11-27,App,South,55+
101742,Value,2023-01-12,2024-11-02,App,West,18-24
101743,Bargain,2023-02-15,2023-12-18,Web,North,25-34
101744,Regular,2023-01-25,2024-07-05,Web,North,18-24
101745,Regular,2023-04-24,2024-09-13,App,North,25-34
101746,Regular,2023-03-02,2024-08-12,Store,South,25-34
101747,Regular,2023-02-08,2024-11-02,Web,North,25-34
101748,Regular,2023-03-16,2024-09-22,App,South,35-44
101749,Regular,2023-01-06,2024-10-17,App,North,18-24
101750,Regular,2023-01-06,2023-12-13,Web,North,55+
101751,Regular,2023-01-03,2024-06-19,Web,North,55+
101752,Bargain,2023-01-22,2024-11-10,App,South,35-44
101753,Bargain,2023-02-11,2024-10-15,App,South,45-54
101754,Regular,2023-06-22,2024-12-12,Web,South,18-24
101755,Regular,2023-01-24,2024-05-09,App,South,45-54
101756,Value,2023-01-04,2024-12-21,Store,East,55+
101757,Bargain,2023-02-26,2024-08-16,App,West,35-44
101758,Bargain,2023-03-04,2024-10-30,Web,South,25-34
101759,Bargain,2023-02-22,2024-07-24,Web,West,35-44
101760,Regular,2023-01-11,2024-11-20,Web,North,25-34
101761,Value,2023-01-15,2024-12-08,App,West,25-34
101762,Regular,2023-02-05,2024-12-25,App,South,25-34
101763,Value,2023-01-24,2024-12-31,Web,West,55+
101764,Value,2023-02-10,2024-10-29,Web,West,35-44
101765,Value,2023-01-02,2024-12-16,App,East,45-54
101766,Bargain,2023-01-02,2024-02-18,App,West,25-34
101767,Value,2023-02-19,2024-12-27,Store,South,55+
101768,Value,2023-01-09,2024-12-05,Web,East,25-34
101769,Bargain,2023-01-03,2024-06-28,Web,South,25-34
101770,Regular,2023-01-19,2024-10-19,Web,South,18-24
101771,Regular,2023-01-30,2024-09-10,App,West,25-34
101772,Regular,2023-01-19,2024-11-27,App,North,45-54
101773,Bargain,2023-03-05,2024-11-30,Web,East,25-34
101774,Regular,2023-01-21,2024-10-25,App,North,45-54
101775,Regular,2023-06-14,2024-12-11,App,South,45-54
101776,Regular,2023-03-16,2024-10-29,Store,West,55+
101777,Regular,2023-02-26,2024-12-21,App,South,55+
101778,Regular,2023-05-24,2024-12-27,App,East,18-24
101779,Regular,2023-03-20,2024-12-22,App,West,35-44
101780,Value,2023-01-30,2024-12-08,Store,North,55+
101781,Regular,2023-01-18,2024-11-20,App,East,25-34
101782,Regular,2023-02-04,2024-11-27,Web,West,35-44
101783,Value,2023-01-07,2023-12-30,App,West,25-34
101784,Regular,2023-01-07,2024-09-03,App,West,25-34
101785,Bargain,2023-01-31,2024-07-11,Web,North,25-34
101786,Regular,2023-01-09,2024-12-20,Web,East,25-34
101787,Regular,2023-04-07,2024-11-10,Web,North,25-34
101788,Bargain,2023-02-03,2024-10-02,Web,East,18-24
101789,Value,2023-01-31,2024-12-10,App,East,25-34
101790,Regular,2023-01-28,2024-12-08,Web,South,25-34
101791,Regular,2023-01-12,2024-11-15,Web,North,18-24
101792,Regular,2023-02-13,2024-12-05,App,South,45-54
101793,Regular,2023-03-04,2024-11-29,App,North,18-24
101794,Bargain,2023-01-14,2024-12-24,Store,West,18-24
101795,Regular,2023-01-01,2024-10-15,App,East,18-24
101796,Regular,2023-01-01,2024-12-31,Web,East,35-44
101797,Regular,2023-02-05,2023-10-25,Web,West,25-34
101798,Regular,2023-01-08,2024-09-23,App,East,45-54
101799,Regular,2023-01-02,2023-11-14,App,West,45-54
101800,Regular,2023-01-05,2024-11-19,Web,West,55+
101801,Regular,2023-04-20,2024-07-22,Web,South,35-44
101802,Value,2023-01-21,2024-12-16,App,North,35-44
101803,Regular,2023-02-10,2024-12-11,Store,South,25-34
101804,Regular,2023-01-13,2024-12-30,App,South,45-54
101805,Regular,2023-03-10,2024-10-29,Store,North,18-24
101806,Value,2023-02-03,2024-12-18,Web,East,35-44
101807,Regular,2023-01-29,2024-11-21,App,North,25-34
101808,Regular,2023-01-01,2024-12-02,Web,East,25-34
101809,Value,2023-01-31,2024-11-06,App,North,45-54
101810,Regular,2023-02-25,2024-01-11,App,East,25-34
101811,Regular,2023-01-21,2023-09-27,Web,East,35-44
101812,Regular,2023-01-24,2024-04-09,Store,East,45-54
101813,Regular,2023-01-10,2024-05-10,App,South,18-24
101814,Bargain,2023-03-20,2024-12-11,Web,West,55+
101815,Regular,2023-01-27,2023-10-14,Web,South,25-34
101816,Regular,2023-03-15,2024-12-23,App,North,45-54
101817,Regular,2023-02-13,2024-08-25,Store,South,25-34
101818,Regular,2023-01-05,2024-10-17,Web,West,25-34
101819,Regular,2023-03-11,2024-10-24,App,East,25-34
101820,Bargain,2023-02-05,2024-12-10,Store,West,25-34
101821,Regular,2023-01-30,2024-10-21,App,East,35-44
101822,Regular,2023-01-18,2024-11-26,Store,South,45-54
101823,Regular,2023-03-17,2024-06-19,App,South,35-44
101824,Regular,2023-04-14,2024-10-02,App,East,35-44
101825,Value,2023-01-04,2024-12-11,Store,North,18-24
101826,Regular,2023-04-18,2024-11-25,App,East,35-44
101827,Regular,2023-02-24,2024-08-04,Web,South,55+
101828,Bargain,2023-04-07,2024-12-16,Web,South,18-24
101829,Regular,2023-02-02,2024-12-11,App,East,25-34
101830,Regular,2023-02-11,2024-11-20,App,South,18-24
101831,Bargain,2023-01-08,2024-06-16,App,East,35-44
101832,Regular,2023-01-18,2024-07-03,App,East,18-24
101833,Value,2023-01-02,2024-12-06,App,South,25-34
101834,Regular,2023-05-06,2024-11-17,App,West,55+
101835,Value,2023-01-08,2024-07-15,Web,West,35-44
101836,Value,2023-01-16,2024-09-26,Web,East,55+
101837,Regular,2023-02-11,2024-12-12,Store,West,25-34
101838,Regular,2023-02-26,2024-11-02,App,North,35-44
101839,Regular,2023-02-18,2024-11-29,App,North,45-54
101840,Value,2023-03-01,2024-12-10,App,North,35-44
101841,Regular,2023-01-25,2024-12-04,App,North,18-24
101842,Value,2023-01-05,2024-12-26,Web,West,25-34
101843,Bargain,2023-03-13,2024-04-18,App,East,35-44
101844,Value,2023-01-06,2024-12-11,Store,North,25-34
101845,Regular,2023-05-14,2024-07-12,App,North,25-34
101846,Regular,2023-03-04,2023-11-18,App,West,45-54
101847,Regular,2023-01-05,2024-12-15,Web,South,45-54
101848,Regular,2023-01-16,2024-08-20,App,North,25-34
101849,Regular,2023-03-22,2024-12-29,App,South,35-44
101850,Regular,2023-03-23,2024-12-25,Web,South,55+
101851,Bargain,2023-05-15,2024-11-24,App,South,35-44
101852,Regular,2023-02-06,2024-11-22,Store,East,45-54
101853,Regular,2023-04-03,2024-12-02,Web,North,25-34
101854,Bargain,2023-03-26,2024-05-22,Store,East,18-24
101855,Bargain,2023-03-01,2024-10-18,Web,West,25-34
101856,Regular,2023-01-12,2023-11-24,Web,West,35-44
101857,Regular,2023-03-11,2024-10-26,Web,South,25-34
101858,Regular,2023-02-28,2024-10-01,Web,East,25-34
101859,Regular,2023-01-05,2024-03-14,Web,South,25-34
101860,Regular,2023-04-12,2023-12-11,App,North,25-34
101861,Bargain,2023-02-08,2024-12-03,Store,East,18-24
101862,Bargain,2023-03-15,2024-07-18,App,South,35-44
101863,Regular,2023-01-10,2024-07-22,Web,East,18-24
101864,Regular,2023-03-03,2024-12-31,Store,North,18-24
101865,Bargain,2023-02-13,2024-11-20,App,North,35-44
101866,Bargain,2023-01-12,2024-11-22,Web,East,25-34
101867,Regular,2023-03-05,2024-05-16,App,North,25-34
101868,Regular,2023-02-15,2024-11-14,App,South,55+
101869,Bargain,2023-02-08,2024-09-08,Web,South,45-54
101870,Regular,2023-04-01,2024-10-28,App,West,35-44
101871,Regular,2023-01-03,2024-10-31,App,East,18-24
101872,Bargain,2023-01-08,2024-10-16,App,South,45-54
101873,Bargain,2023-01-17,2024-12-20,Store,South,18-24
101874,Bargain,2023-03-03,2024-05-17,App,South,55+
101875,Regular,2023-01-24,2024-09-28,Web,South,25-34
101876,Regular,2023-02-01,2024-10-30,App,West,18-24
101877,Regular,2023-01-08,2024-01-02,Web,North,25-34
101878,Regular,2023-04-03,2024-12-26,App,West,45-54
101879,Regular,2023-01-09,2024-09-08,App,North,18-24
101880,Regular,2023-03-06,2023-10-20,App,North,25-34
101881,Regular,2023-05-09,2024-12-17,App,West,35-44
101882,Regular,2023-01-11,2024-12-03,Store,East,25-34
101883,Regular,2023-01-23,2024-09-19,App,North,45-54
101884,Regular,2023-02-14,2024-12-02,Store,South,25-34
101885,Regular,2023-01-08,2024-09-17,App,North,55+
101886,Value,2023-01-22,2024-11-20,Web,North,35-44
101887,Value,2023-01-06,2024-04-06,App,South,18-24
101888,Bargain,2023-01-27,2023-08-31,Web,North,55+
101889,Regular,2023-02-20,2024-12-03,App,South,18-24
101890,Regular,2023-02-12,2024-12-22,Web,North,45-54
101891,Regular,2023-01-30,2024-11-09,Web,South,35-44
101892,Regular,2023-02-01,2024-07-22,App,South,35-44
101893,Value,2023-01-07,2024-12-10,App,North,35-44
101894,Regular,2023-02-01,2024-04-17,Web,West,25-34
101895,Value,2023-01-08,2024-09-26,App,South,25-34
101896,Regular,2023-01-08,2024-12-20,Web,West,35-44
101897,Regular,2023-02-09,2024-04-25,Web,West,25-34
101898,Value,2023-01-17,2024-12-13,Store,North,18-24
101899,Value,2023-01-20,2024-11-28,Web,South,25-34
101900,Regular,2023-03-25,2024-09-02,App,West,25-34
101901,Value,2023-02-19,2024-11-15,App,West,25-34
101902,Bargain,2023-02-16,2024-06-10,Web,West,35-44
101903,Value,2023-04-14,2024-10-14,App,South,25-34
101904,Regular,2023-02-01,2024-11-22,App,East,55+
101905,Regular,2023-02-03,2024-10-17,Web,South,35-44
101906,Regular,2023-01-10,2024-12-18,Web,North,25-34
101907,Value,2023-01-03,2024-12-21,Web,West,25-34
101908,Bargain,2023-03-07,2024-10-21,App,South,35-44
101909,Bargain,2023-01-28,2024-10-27,Web,South,25-34
101910,Value,2023-01-05,2024-11-15,Web,North,25-34
101911,Value,2023-01-08,2024-12-02,App,North,25-34
101912,Bargain,2023-02-07,2024-12-07,Web,North,18-24
101913,Regular,2023-01-07,2024-12-14,Store,South,25-34
101914,Value,2023-01-13,2024-12-30,Web,West,18-24
101915,Regular,2023-03-09,2024-12-17,App,South,45-54
101916,Regular,2023-02-01,2023-11-11,App,South,35-44
101917,Regular,2023-01-22,2024-12-30,App,North,55+
101918,Regular,2023-01-17,2024-01-06,Web,East,25-34
101919,Bargain,2023-01-02,2024-11-27,App,West,55+
101920,Regular,2023-01-01,2024-12-24,Web,South,18-24
101921,Regular,2023-01-10,2024-08-02,Web,West,18-24
101922,Regular,2023-01-09,2024-08-27,Web,East,35-44
101923,Regular,2023-01-16,2024-12-08,Web,South,35-44
101924,Regular,2023-03-13,2024-11-14,App,East,35-44
101925,Value,2023-01-19,2024-12-09,App,North,25-34
101926,Regular,2023-01-19,2024-02-18,App,West,25-34
101927,Regular,2023-02-15,2024-12-21,App,East,35-44
101928,Value,2023-01-03,2024-09-28,Web,East,35-44
101929,Regular,2023-03-07,2024-12-13,App,North,18-24
101930,Regular,2023-03-25,2024-08-03,Web,East,18-24
101931,Regular,2023-03-21,2024-12-29,App,East,55+
101932,Regular,2023-04-21,2024-12-03,Web,North,18-24
101933,Bargain,2023-01-02,2024-12-18,Web,East,35-44
101934,Regular,2023-03-25,2024-12-14,App,South,25-34
101935,Value,2023-02-21,2024-11-27,Web,East,25-34
101936,Regular,2023-01-01,2024-11-01,Web,West,25-34
101937,Regular,2023-01-08,2024-09-15,Web,East,35-44
101938,Regular,2023-02-03,2024-03-08,App,East,25-34
101939,Value,2023-01-19,2024-02-23,App,East,35-44
101940,Regular,2023-02-04,2024-10-10,App,West,45-54
101941,Regular,2023-02-19,2024-09-12,App,East,45-54
101942,Regular,2023-02-10,2024-12-25,App,North,18-24
101943,Value,2023-01-07,2024-12-20,Web,North,35-44
101944,Bargain,2023-01-07,2024-12-27,App,South,18-24
101945,Bargain,2023-01-27,2024-12-11,Web,South,35-44
101946,Regular,2023-01-16,2024-11-09,App,South,35-44
101947,Bargain,2023-03-05,2024-06-13,Web,East,25-34
101948,Value,2023-01-14,2024-11-22,Web,North,18-24
101949,Bargain,2023-01-21,2024-10-08,App,West,25-34
101950,Bargain,2023-01-04,2024-09-26,App,North,18-24
101951,Value,2023-01-01,2024-10-26,App,East,35-44
101952,Regular,2023-04-20,2024-07-13,Web,South,25-34
101953,Bargain,2023-02-01,2024-10-27,App,South,35-44
101954,Bargain,2023-05-03,2024-12-16,App,West,18-24
101955,Bargain,2023-05-10,2024-09-13,Web,South,45-54
101956,Regular,2023-01-03,2024-04-11,App,East,35-44
101957,Value,2023-01-26,2024-12-06,App,East,25-34
101958,Bargain,2023-03-22,2024-12-21,Web,West,25-34
101959,Regular,2023-03-23,2024-11-24,Store,North,25-34
101960,Regular,2023-02-14,2024-12-10,Web,West,35-44
101961,Regular,2023-02-14,2023-11-11,App,West,18-24
101962,Regular,2023-01-17,2024-10-11,App,South,18-24
101963,Value,2023-02-15,2024-12-29,App,South,25-34
101964,Regular,2023-02-21,2024-02-24,App,East,18-24
101965,Value,2023-01-30,2024-12-31,Web,West,35-44
101966,Regular,2023-03-14,2024-12-28,Web,North,35-44
101967,Bargain,2023-01-18,2023-12-10,App,North,45-54
101968,Regular,2023-03-12,2024-03-28,Web,East,35-44
101969,Regular,2023-03-08,2024-12-20,App,East,25-34
101970,Regular,2023-01-02,2024-11-24,App,West,35-44
101971,Bargain,2023-05-03,2024-12-23,App,North,25-34
101972,Regular,2023-03-03,2023-10-10,Web,North,35-44
101973,Regular,2023-01-15,2024-12-10,App,South,55+
101974,Value,2023-01-21,2024-12-29,Web,West,35-44
101975,Regular,2023-01-05,2024-09-25,App,South,45-54
101976,Regular,2023-10-29,2024-12-08,App,East,35-44
101977,Bargain,2023-02-17,2023-12-21,Web,West,35-44
101978,Regular,2023-01-02,2024-11-02,Web,South,55+
101979,Regular,2023-02-13,2024-11-07,Store,East,18-24
101980,Bargain,2023-02-04,2024-12-29,Web,South,18-24
101981,Regular,2023-05-19,2024-12-09,Web,West,18-24
101982,Bargain,2023-01-11,2024-09-05,App,North,55+
101983,Regular,2023-02-07,2024-12-01,App,South,45-54
101984,Regular,2023-01-31,2024-04-17,Web,West,55+
101985,Bargain,2023-03-05,2024-05-22,App,West,35-44
101986,Regular,2023-01-12,2024-08-20,App,South,18-24
101987,Regular,2023-02-13,2023-12-16,Web,North,55+
101988,Bargain,2023-02-22,2024-03-20,App,South,18-24
101989,Value,2023-01-03,2024-07-10,Web,East,25-34
101990,Value,2023-01-01,2023-10-31,App,East,18-24
101991,Regular,2023-01-14,2024-08-12,App,South,35-44
101992,Regular,2023-02-16,2024-12-16,Web,South,25-34
101993,Value,2023-01-03,2024-11-19,App,East,25-34
101994,Regular,2023-01-05,2024-11-08,App,West,35-44
101995,Regular,2023-02-01,2024-10-31,Web,South,25-34
101996,Regular,2023-02-16,2024-11-19,App,South,18-24
101997,Regular,2023-02-01,2024-12-10,Web,South,35-44
101998,Bargain,2023-02-14,2024-11-01,Web,West,18-24
101999,Regular,2023-05-12,2024-10-12,Web,South,25-34
102000,Bargain,2023-05-24,2024-11-15,App,West,18-24
102001,Regular,2023-01-07,2024-12-08,App,East,35-44
102002,Bargain,2023-01-14,2024-09-27,App,West,25-34
102003,Regular,2023-02-19,2024-12-05,Web,West,18-24
102004,Value,2023-01-18,2024-12-12,App,North,25-34
102005,Bargain,2023-03-26,2024-10-04,App,East,25-34
102006,Regular,2023-02-20,2024-11-08,Web,South,25-34
102007,Value,2023-01-12,2024-12-13,Store,North,18-24
102008,Value,2023-01-04,2024-08-28,App,West,55+
102009,Regular,2023-01-18,2024-12-28,Web,South,45-54
102010,Value,2023-02-02,2024-02-28,Web,South,55+
102011,Regular,2023-01-16,2024-11-29,App,North,45-54
102012,Value,2023-01-01,2024-04-06,Web,South,45-54
102013,Regular,2023-01-18,2024-12-21,App,North,55+
102014,Regular,2023-01-09,2024-02-23,App,West,18-24
102015,Regular,2023-01-05,2024-10-23,Web,South,55+
102016,Regular,2023-01-14,2024-12-15,Store,North,35-44
102017,Value,2023-01-20,2024-03-02,Web,South,35-44
102018,Regular,2023-02-01,2023-10-19,Web,East,35-44
102019,Regular,2023-01-09,2024-12-04,App,East,55+
102020,Regular,2023-01-24,2024-10-22,Web,North,25-34
102021,Value,2023-01-04,2024-12-06,Web,West,25-34
102022,Value,2023-01-02,2024-06-02,Web,West,35-44
102023,Regular,2023-01-06,2024-12-30,Web,North,35-44
102024,Regular,2023-08-25,2024-07-26,App,North,18-24
102025,Regular,2023-02-04,2024-09-15,App,East,55+
102026,Bargain,2023-01-15,2024-12-27,Store,North,18-24
102027,Regular,2023-02-23,2024-02-13,App,South,25-34
102028,Regular,2023-05-03,2024-12-23,Store,West,35-44
102029,Regular,2023-05-02,2024-11-22,App,South,25-34
102030,Value,2023-02-06,2024-01-19,App,West,35-44
102031,Regular,2023-01-02,2024-06-18,Web,North,45-54
102032,Regular,2023-01-26,2024-08-01,Web,North,35-44
102033,Regular,2023-03-10,2024-05-27,App,South,25-34
102034,Value,2023-01-04,2024-12-08,Store,West,35-44
102035,Regular,2023-01-20,2024-12-30,App,South,35-44
102036,Bargain,2023-04-26,2024-01-08,App,West,25-34
102037,Value,2023-01-20,2024-11-26,Web,North,55+
102038,Regular,2023-01-19,2024-11-27,App,South,25-34
102039,Regular,2023-01-03,2024-09-02,App,West,25-34
102040,Regular,2023-02-25,2024-12-18,App,East,25-34
102041,Regular,2023-01-26,2024-04-04,Web,North,18-24
102042,Regular,2023-01-10,2024-02-12,Web,North,35-44
102043,Bargain,2023-03-19,2024-11-21,App,West,45-54
102044,Bargain,2023-01-20,2024-05-28,App,North,55+
102045,Value,2023-01-23,2024-09-09,Web,North,45-54
102046,Regular,2023-01-01,2024-09-27,Web,West,55+
102047,Regular,2023-02-10,2024-08-03,App,North,25-34
102048,Value,2023-01-10,2024-12-04,Store,South,45-54
102049,Regular,2023-02-08,2024-01-08,App,North,18-24
102050,Bargain,2023-01-29,2024-12-27,Store,West,55+
102051,Value,2023-01-01,2024-08-28,Store,South,25-34
102052,Regular,2023-01-26,2024-12-01,App,South,25-34
102053,Bargain,2023-03-08,2024-12-24,Web,South,25-34
102054,Regular,2023-01-22,2024-10-26,App,East,35-44
102055,Regular,2023-05-23,2024-09-25,App,North,55+
102056,Bargain,2023-01-12,2024-09-23,Web,South,18-24
102057,Regular,2023-01-12,2024-03-25,Web,South,35-44
102058,Value,2023-01-15,2024-12-24,App,West,45-54
102059,Value,2023-02-14,2024-11-23,Web,North,25-34
102060,Bargain,2023-01-19,2023-12-20,Store,East,55+
102061,Regular,2023-01-11,2023-10-21,App,South,45-54
102062,Regular,2023-01-07,2024-04-15,Web,North,25-34
102063,Value,2023-01-21,2024-01-27,Web,East,45-54
102064,Regular,2023-02-21,2024-12-04,App,North,25-34
102065,Bargain,2023-05-08,2024-10-16,App,East,45-54
102066,Regular,2023-01-14,2024-11-18,Web,East,25-34
102067,Bargain,2023-02-06,2024-12-28,App,West,45-54
102068,Regular,2023-01-10,2024-11-10,Web,West,18-24
102069,Regular,2023-01-12,2024-10-31,App,South,25-34
102070,Bargain,2023-10-28,2024-09-24,App,South,45-54
102071,Regular,2023-01-12,2024-11-04,App,South,35-44
102072,Regular,2023-01-16,2024-03-30,Web,West,18-24
102073,Bargain,2023-01-10,2024-10-14,Store,South,25-34
102074,Regular,2023-03-15,2024-12-26,Web,East,25-34
102075,Regular,2023-02-19,2024-11-18,App,North,25-34
102076,Bargain,2023-02-28,2023-10-28,Web,South,18-24
102077,Value,2023-01-31,2024-11-21,App,North,35-44
102078,Regular,2023-03-15,2024-04-03,App,West,18-24
102079,Value,2023-01-08,2024-12-31,Web,East,35-44
102080,Regular,2023-01-05,2024-12-12,Web,South,25-34
102081,Regular,2023-01-23,2024-12-02,Web,South,35-44
102082,Regular,2023-05-17,2024-12-12,Web,North,55+
102083,Value,2023-02-13,2024-03-10,Web,South,18-24
102084,Regular,2023-03-08,2024-11-25,App,West,35-44
102085,Regular,2023-01-12,2024-10-08,App,East,25-34
102086,Regular,2023-03-04,2024-10-26,Web,East,18-24
102087,Regular,2023-01-08,2023-12-04,Web,East,35-44
102088,Regular,2023-01-11,2024-07-12,App,South,25-34
102089,Regular,2023-02-02,2024-04-17,App,North,25-34
102090,Regular,2023-02-03,2024-12-29,App,South,35-44
102091,Bargain,2023-04-15,2024-12-29,Web,South,25-34
102092,Regular,2023-02-02,2024-09-20,App,West,25-34
102093,Regular,2023-01-04,2024-12-07,App,North,25-34
102094,Bargain,2023-01-02,2024-12-23,App,South,25-34
102095,Regular,2023-03-08,2024-04-04,App,South,45-54
102096,Value,2023-01-21,2024-12-14,Web,East,18-24
102097,Regular,2023-02-05,2024-02-22,App,North,35-44
102098,Value,2023-02-24,2024-07-19,App,North,25-34
102099,Regular,2023-05-26,2024-01-26,App,South,35-44
102100,Regular,2023-02-28,2024-07-01,Web,South,35-44
102101,Value,2023-01-20,2023-12-14,Web,South,55+
102102,Bargain,2023-05-07,2024-09-29,Store,West,25-34
102103,Bargain,2023-01-05,2024-03-12,Web,West,55+
102104,Regular,2023-01-18,2023-10-14,Web,South,25-34
102105,Regular,2023-08-12,2024-10-11,App,South,25-34
102106,Regular,2023-02-20,2024-10-02,App,North,35-44
102107,Bargain,2023-02-15,2024-12-14,Web,North,35-44
102108,Regular,2023-02-10,2024-02-03,Store,North,18-24
102109,Value,2023-02-12,2024-02-17,Store,East,25-34
102110,Regular,2023-02-01,2024-09-30,App,East,35-44
102111,Regular,2023-02-08,2024-12-31,App,North,25-34
102112,Value,2023-01-05,2024-12-11,App,West,45-54
102113,Regular,2023-02-07,2024-11-20,App,West,35-44
102114,Value,2023-01-11,2024-12-19,Store,South,25-34
102115,Bargain,2023-02-17,2024-12-28,App,South,45-54
102116,Regular,2023-02-02,2024-12-22,Store,North,45-54
102117,Value,2023-02-01,2024-12-27,App,South,35-44
102118,Value,2023-01-08,2024-05-04,Web,South,25-34
102119,Regular,2023-01-18,2024-12-13,App,East,25-34
102120,Regular,2023-02-16,2024-12-28,Web,South,25-34
102121,Value,2023-02-04,2024-04-17,Web,South,25-34
102122,Regular,2023-01-08,2024-12-28,Web,North,45-54
102123,Value,2023-01-04,2024-12-23,App,East,35-44
102124,Regular,2023-01-30,2023-12-03,Web,North,25-34
102125,Regular,2023-01-20,2024-10-20,Web,South,25-34
102126,Regular,2023-01-30,2024-04-13,Web,North,25-34
102127,Regular,2023-06-13,2024-10-10,App,East,25-34
102128,Value,2023-04-07,2024-12-26,App,South,25-34
102129,Value,2023-01-25,2024-01-22,App,South,55+
102130,Regular,2023-02-13,2024-10-24,Web,West,45-54
102131,Regular,2023-02-04,2024-12-02,App,South,35-44
102132,Bargain,2023-03-29,2024-02-28,Web,North,35-44
102133,Bargain,2023-06-12,2024-12-03,Web,South,18-24
102134,Regular,2023-01-06,2024-08-23,Web,South,18-24
102135,Regular,2023-02-03,2024-10-23,Store,North,25-34
102136,Regular,2023-02-16,2024-01-24,App,South,25-34
102137,Regular,2023-01-16,2024-02-29,Web,North,35-44
102138,Regular,2023-03-08,2024-10-26,Web,East,45-54
102139,Bargain,2023-08-23,2023-08-23,Web,West,25-34
102140,Bargain,2023-02-07,2024-09-13,App,East,35-44
102141,Regular,2023-04-29,2024-12-30,App,North,55+
102142,Regular,2023-01-08,2024-12-16,Web,North,55+
102143,Bargain,2023-07-04,2023-07-04,Store,West,35-44
102144,Regular,2023-02-17,2024-12-03,Web,West,18-24
102145,Bargain,2023-04-10,2024-10-12,Web,South,35-44
102146,Value,2023-02-10,2024-04-04,Web,North,45-54
102147,Bargain,2023-06-12,2024-12-29,Web,East,35-44
102148,Regular,2023-02-02,2024-11-29,Web,West,25-34
102149,Value,2023-01-03,2024-11-18,App,West,25-34
102150,Regular,2023-02-01,2024-12-07,App,East,55+
102151,Value,2023-01-07,2024-11-23,Web,North,55+
102152,Regular,2023-03-27,2024-12-14,Store,South,25-34
102153,Regular,2023-01-30,2024-10-31,App,South,25-34
102154,Regular,2023-01-18,2024-06-26,App,North,55+
102155,Bargain,2023-03-03,2024-11-18,Web,East,25-34
102156,Value,2023-01-09,2024-12-28,Web,West,45-54
102157,Regular,2023-02-19,2024-02-25,App,East,25-34
102158,Regular,2023-02-08,2024-07-13,App,North,25-34
102159,Value,2023-01-01,2024-08-19,Web,East,55+
102160,Regular,2023-01-20,2024-09-16,App,East,25-34
102161,Regular,2023-02-16,2024-12-30,Web,East,18-24
102162,Regular,2023-01-20,2024-12-01,Web,West,25-34
102163,Regular,2023-02-12,2024-11-19,App,North,45-54
102164,Bargain,2023-01-12,2024-12-12,App,South,25-34
102165,Regular,2023-01-01,2024-07-07,App,South,35-44
102166,Bargain,2023-11-21,2024-12-12,Web,East,25-34
102167,Regular,2023-01-14,2024-04-14,App,South,18-24
102168,Regular,2023-03-27,2024-12-02,App,East,25-34
102169,Regular,2023-02-06,2023-09-08,App,South,35-44
102170,Regular,2023-01-04,2024-12-28,Web,West,55+
102171,Regular,2023-02-14,2024-11-07,App,East,25-34
102172,Regular,2023-01-09,2024-12-26,App,East,18-24
102173,Value,2023-02-21,2024-12-29,Store,West,45-54
102174,Regular,2023-01-24,2024-11-19,App,West,55+
102175,Regular,2023-01-29,2024-07-03,Web,North,18-24
102176,Regular,2023-05-22,2024-04-23,Web,North,25-34
102177,Bargain,2023-01-09,2024-12-19,App,North,25-34
102178,Regular,2023-02-20,2024-11-03,App,North,25-34
102179,Bargain,2023-03-16,2024-05-24,Web,South,18-24
102180,Regular,2023-01-07,2024-05-20,Web,West,35-44
102181,Bargain,2023-01-14,2024-07-29,App,West,25-34
102182,Bargain,2023-03-02,2024-09-21,App,West,18-24
102183,Value,2023-01-19,2024-12-20,Web,West,35-44
102184,Regular,2023-01-16,2024-11-11,App,East,35-44
102185,Value,2023-01-24,2024-12-22,App,East,45-54
102186,Bargain,2023-04-26,2024-11-10,Web,East,35-44
102187,Regular,2023-01-27,2024-02-12,App,West,18-24
102188,Regular,2023-01-20,2024-05-16,Web,East,25-34
102189,Bargain,2023-05-11,2024-12-26,App,South,35-44
102190,Value,2023-03-17,2024-12-08,Web,West,25-34
102191,Regular,2023-01-04,2024-07-23,App,North,45-54
102192,Regular,2023-01-09,2024-12-18,Web,North,25-34
102193,Value,2023-01-06,2024-11-03,App,East,45-54
102194,Regular,2023-01-01,2024-12-13,Web,North,18-24
102195,Bargain,2023-03-09,2024-12-16,Web,North,25-34
102196,Value,2023-02-04,2024-06-01,App,South,35-44
102197,Regular,2023-02-09,2024-12-05,App,West,25-34
102198,Regular,2023-01-09,2024-11-22,Store,South,25-34
102199,Regular,2023-02-02,2024-11-27,Web,West,45-54
102200,Value,2023-01-02,2024-12-16,Web,East,25-34
102201,Bargain,2023-01-25,2024-08-21,Web,South,18-24
102202,Bargain,2023-04-29,2024-02-14,Store,North,18-24
102203,Value,2023-02-02,2024-12-26,Web,North,25-34
102204,Regular,2023-02-02,2024-12-25,App,East,18-24
102205,Regular,2023-01-07,2024-09-04,App,South,35-44
102206,Regular,2023-01-09,2024-11-03,App,South,35-44
102207,Regular,2023-01-17,2024-07-11,App,West,25-34
102208,Value,2023-01-12,2024-11-11,Web,South,18-24
102209,Value,2023-03-28,2024-12-21,App,North,18-24
102210,Bargain,2023-04-10,2024-11-20,Web,East,55+
102211,Regular,2023-02-08,2024-10-16,Web,East,18-24
102212,Bargain,2023-03-31,2024-12-05,App,East,35-44
102213,Regular,2023-03-16,2024-10-12,Web,North,45-54
102214,Bargain,2023-03-12,2024-06-03,App,North,35-44
102215,Value,2023-01-25,2024-04-30,Web,West,35-44
102216,Value,2023-01-21,2024-12-12,App,East,25-34
102217,Bargain,2023-04-06,2024-11-11,Web,West,45-54
102218,Bargain,2023-05-31,2023-11-13,Web,South,45-54
102219,Regular,2023-01-15,2024-02-27,App,North,35-44
102220,Regular,2023-02-05,2023-11-15,App,West,35-44
102221,Regular,2023-03-11,2024-04-01,Store,South,45-54
102222,Regular,2023-03-21,2024-12-10,App,South,25-34
102223,Value,2023-01-06,2024-06-03,Web,North,18-24
102224,Bargain,2023-01-15,2024-12-11,Web,East,55+
102225,Regular,2023-01-14,2023-11-16,Web,North,25-34
102226,Regular,2023-01-23,2024-08-16,App,East,35-44
102227,Value,2023-02-08,2024-04-03,App,South,25-34
102228,Value,2023-01-29,2024-01-29,Web,South,18-24
102229,Regular,2023-06-12,2024-11-29,Store,North,18-24
102230,Regular,2023-01-25,2023-11-30,Web,South,25-34
102231,Regular,2023-02-28,2024-04-27,Web,North,45-54
102232,Value,2023-02-02,2024-02-24,App,North,45-54
102233,Bargain,2023-04-04,2024-10-16,App,East,18-24
102234,Regular,2023-01-15,2024-12-22,App,West,18-24
102235,Bargain,2023-04-11,2024-12-26,Web,South,25-34
102236,Value,2023-01-06,2024-12-29,App,West,18-24
102237,Regular,2023-02-08,2024-12-18,Web,West,25-34
102238,Regular,2023-03-10,2024-10-26,Web,North,35-44
102239,Regular,2023-01-18,2024-09-16,Web,South,25-34
102240,Regular,2023-01-26,2024-10-02,App,West,25-34
102241,Value,2023-01-06,2024-10-13,Web,North,35-44
102242,Regular,2023-01-16,2024-10-30,App,West,45-54
102243,Regular,2023-01-18,2024-12-15,App,East,45-54
102244,Regular,2023-01-12,2024-08-13,Web,South,45-54
102245,Value,2023-02-09,2024-12-19,Web,South,35-44
102246,Regular,2023-01-08,2024-10-28,Web,West,55+
102247,Regular,2023-06-05,2023-10-26,Web,East,45-54
102248,Regular,2023-01-11,2024-12-28,Web,West,25-34
102249,Regular,2023-03-04,2024-12-19,Store,North,55+
102250,Regular,2023-07-20,2024-08-26,App,West,35-44
102251,Regular,2023-02-28,2024-12-15,App,South,25-34
102252,Regular,2023-01-30,2024-12-06,App,East,35-44
102253,Regular,2023-01-03,2024-12-20,App,East,25-34
102254,Bargain,2023-02-27,2024-06-30,Web,South,25-34
102255,Regular,2023-01-06,2023-11-22,Web,South,18-24
102256,Bargain,2023-04-11,2024-08-27,Web,South,35-44
102257,Regular,2023-02-16,2024-12-31,Web,East,45-54
102258,Value,2023-01-04,2024-09-13,App,South,18-24
102259,Regular,2023-01-26,2024-09-20,Web,West,25-34
102260,Regular,2023-01-01,2024-11-23,App,East,35-44
102261,Bargain,2023-02-19,2024-11-03,App,West,18-24
102262,Regular,2023-03-15,2024-12-11,App,South,35-44
102263,Value,2023-01-21,2024-01-30,App,East,25-34
102264,Regular,2023-01-27,2024-12-01,App,East,55+
102265,Value,2023-01-05,2024-01-03,App,West,25-34
102266,Regular,2023-05-28,2023-12-18,App,East,35-44
102267,Regular,2023-01-10,2024-11-30,Web,West,45-54
102268,Regular,2023-06-06,2024-12-19,App,South,45-54
102269,Bargain,2023-01-27,2024-12-30,Web,South,45-54
102270,Regular,2023-03-19,2024-10-11,Web,West,55+
102271,Regular,2023-02-09,2024-10-20,Web,West,25-34
102272,Regular,2023-01-03,2024-06-28,App,North,25-34
102273,Bargain,2023-01-01,2024-06-22,Web,North,35-44
102274,Bargain,2023-02-25,2024-12-06,App,North,18-24
102275,Value,2023-01-18,2024-12-27,App,North,55+
102276,Regular,2023-01-08,2024-12-28,App,South,18-24
102277,Regular,2023-02-06,2024-12-09,App,North,35-44
102278,Bargain,2023-01-14,2024-12-24,Web,South,35-44
102279,Regular,2023-02-14,2024-12-07,Web,East,35-44
102280,Regular,2023-01-16,2024-09-20,App,West,18-24
102281,Value,2023-01-06,2024-01-27,Store,West,35-44
102282,Regular,2023-01-26,2023-11-03,Store,West,18-24
102283,Regular,2023-03-11,2024-02-12,App,West,25-34
102284,Regular,2023-01-20,2024-12-22,App,East,55+
102285,Value,2023-01-01,2024-12-16,Web,South,18-24
102286,Bargain,2023-09-24,2024-09-23,App,South,18-24
102287,Regular,2023-04-16,2023-09-14,Web,West,18-24
102288,Value,2023-01-31,2024-12-23,Web,South,25-34
102289,Regular,2023-01-24,2023-11-20,App,North,45-54
102290,Bargain,2023-04-16,2024-09-07,Web,West,55+
102291,Regular,2023-03-21,2024-08-11,Web,South,18-24
102292,Regular,2023-01-07,2024-12-07,App,East,35-44
102293,Regular,2023-03-07,2023-10-15,Web,East,25-34
102294,Regular,2023-03-11,2024-12-04,Store,East,45-54
102295,Value,2023-01-07,2024-10-04,Web,South,35-44
102296,Regular,2023-01-20,2024-11-18,App,South,35-44
102297,Value,2023-03-12,2023-11-01,App,South,45-54
102298,Value,2023-04-17,2024-11-22,Web,East,18-24
102299,Regular,2023-01-04,2024-12-26,App,South,18-24
102300,Bargain,2023-01-11,2024-11-04,App,West,25-34
102301,Regular,2023-03-03,2024-12-07,App,West,35-44
102302,Regular,2023-01-24,2024-12-25,Store,East,35-44
102303,Regular,2023-06-16,2024-11-27,App,East,25-34
102304,Regular,2023-01-02,2024-12-27,App,West,35-44
102305,Regular,2023-01-21,2024-12-12,App,West,18-24
102306,Regular,2023-02-01,2024-08-15,Web,South,35-44
102307,Regular,2023-01-04,2024-11-17,Web,North,35-44
102308,Regular,2023-03-16,2024-09-05,Web,North,35-44
102309,Bargain,2023-02-08,2024-12-27,Web,West,45-54
102310,Bargain,2023-04-04,2024-12-29,Store,North,55+
102311,Value,2023-01-26,2023-11-01,App,South,45-54
102312,Regular,2023-01-25,2024-12-24,App,East,35-44
102313,Value,2023-01-22,2024-12-14,Store,South,55+
102314,Regular,2023-05-06,2024-01-13,App,North,35-44
102315,Regular,2023-01-18,2024-09-08,App,South,25-34
102316,Value,2023-01-23,2024-11-19,Store,East,35-44
102317,Regular,2023-01-13,2024-12-25,App,East,35-44
102318,Regular,2023-01-19,2024-12-20,Web,North,18-24
102319,Bargain,2023-03-30,2024-01-06,App,South,35-44
102320,Value,2023-01-18,2024-08-22,App,North,35-44
102321,Value,2023-01-14,2023-12-22,Web,South,25-34
102322,Regular,2023-02-14,2024-12-21,Store,East,45-54
102323,Value,2023-01-27,2024-12-26,Web,North,25-34
102324,Regular,2023-01-19,2024-12-22,Web,West,55+
102325,Bargain,2023-03-16,2024-01-09,Web,South,35-44
102326,Regular,2023-06-12,2024-11-23,Web,East,45-54
102327,Value,2023-01-19,2024-11-03,Web,East,55+
102328,Regular,2023-01-27,2024-05-10,Web,North,35-44
102329,Regular,2023-01-12,2024-11-29,App,West,45-54
102330,Regular,2023-02-16,2024-10-09,Web,South,45-54
102331,Regular,2023-03-27,2024-12-12,Web,West,35-44
102332,Bargain,2023-01-18,2024-08-15,App,South,18-24
102333,Value,2023-01-31,2024-12-25,Store,East,18-24
102334,Regular,2023-01-06,2024-12-01,Web,North,25-34
102335,Regular,2023-05-01,2024-10-25,App,North,55+
102336,Bargain,2023-01-13,2024-10-31,App,South,25-34
102337,Regular,2023-01-04,2024-11-16,Web,East,18-24
102338,Regular,2023-03-05,2024-03-20,Web,East,35-44
102339,Value,2023-01-24,2024-11-08,App,East,35-44
102340,Value,2023-02-23,2024-12-26,Store,West,45-54
102341,Value,2023-01-02,2023-11-08,App,West,45-54
102342,Regular,2023-05-11,2024-12-30,Web,West,35-44
102343,Regular,2023-01-27,2024-08-14,Store,West,25-34
102344,Regular,2023-02-19,2024-08-17,App,South,25-34
102345,Value,2023-01-12,2024-12-23,Web,West,25-34
102346,Bargain,2023-03-21,2024-11-13,App,South,25-34
102347,Bargain,2023-01-19,2024-12-21,App,North,45-54
102348,Value,2023-01-20,2024-09-14,Web,North,25-34
102349,Value,2023-01-02,2024-06-14,Web,East,35-44
102350,Value,2023-01-17,2023-12-14,Web,South,25-34
102351,Bargain,2023-01-08,2024-04-24,App,South,35-44
102352,Regular,2023-01-14,2024-11-28,App,North,25-34
102353,Regular,2023-01-09,2024-10-27,Web,South,35-44
102354,Regular,2023-03-11,2024-12-27,App,West,25-34
102355,Regular,2023-05-14,2024-12-30,Web,North,18-24
102356,Regular,2023-01-30,2024-10-29,Web,South,35-44
102357,Regular,2023-02-10,2024-09-12,App,South,45-54
102358,Bargain,2023-01-11,2024-10-21,Web,East,25-34
102359,Value,2023-01-03,2024-12-05,Web,North,45-54
102360,Bargain,2023-02-14,2024-12-30,Web,West,25-34
102361,Value,2023-01-29,2024-12-02,App,South,18-24
102362,Regular,2023-05-09,2024-12-18,Web,West,35-44
102363,Bargain,2023-04-16,2024-11-27,Web,South,55+
102364,Regular,2023-01-15,2024-01-14,App,South,25-34
102365,Regular,2023-02-07,2024-03-21,Web,East,55+
102366,Regular,2023-01-23,2023-10-27,App,West,45-54
102367,Regular,2023-01-29,2024-12-30,App,North,25-34
102368,Regular,2023-01-06,2024-12-28,Web,East,45-54
102369,Regular,2023-01-30,2024-10-15,App,East,18-24
102370,Regular,2023-03-10,2024-01-22,App,West,55+
102371,Regular,2023-07-01,2024-12-29,Web,East,18-24
102372,Regular,2023-04-21,2024-12-12,Web,South,25-34
102373,Regular,2023-02-05,2024-12-18,App,West,35-44
102374,Regular,2023-02-04,2024-11-08,Web,North,45-54
102375,Value,2023-01-13,2024-05-22,Web,North,25-34
102376,Bargain,2023-12-06,2024-05-16,App,South,55+
102377,Regular,2023-07-24,2024-11-15,App,South,35-44
102378,Value,2023-01-27,2024-10-29,App,North,45-54
102379,Regular,2023-01-07,2024-09-28,Web,East,45-54
102380,Bargain,2023-01-07,2024-12-16,App,South,25-34
102381,Regular,2023-02-14,2024-12-27,App,South,18-24
102382,Value,2023-01-01,2024-12-28,Web,North,45-54
102383,Value,2023-01-20,2023-11-24,App,North,55+
102384,Value,2023-01-15,2024-08-05,App,West,18-24
102385,Regular,2023-02-26,2024-07-02,Store,North,55+
102386,Bargain,2023-01-23,2024-11-15,App,North,35-44
102387,Value,2023-01-03,2024-05-18,Web,West,55+
102388,Regular,2023-03-14,2023-11-13,Web,West,35-44
102389,Value,2023-01-18,2024-07-27,App,West,25-34
102390,Regular,2023-01-12,2023-10-30,Web,East,25-34
102391,Regular,2023-01-19,2024-05-04,Web,South,35-44
102392,Regular,2023-03-31,2023-05-27,Web,South,35-44
102393,Value,2023-02-07,2024-11-23,App,West,25-34
102394,Regular,2023-02-23,2024-12-20,App,East,45-54
102395,Bargain,2023-02-25,2024-12-11,Web,West,18-24
102396,Regular,2023-01-07,2024-11-13,Web,West,45-54
102397,Value,2023-03-27,2023-12-30,App,East,18-24
102398,Value,2023-01-11,2024-12-30,Web,East,25-34
102399,Regular,2023-01-03,2024-11-17,App,West,45-54
102400,Regular,2023-02-26,2024-11-27,App,West,55+
102401,Regular,2023-01-24,2024-06-13,Web,South,25-34
102402,Regular,2023-01-23,2024-01-10,App,East,55+
102403,Bargain,2023-02-22,2024-11-26,Web,West,45-54
102404,Bargain,2023-01-31,2024-11-13,App,West,35-44
102405,Regular,2023-01-04,2024-07-10,App,East,25-34
102406,Regular,2023-01-07,2024-11-18,Web,East,35-44
102407,Regular,2023-01-29,2024-12-21,App,South,45-54
102408,Regular,2023-01-08,2024-12-28,Web,West,35-44
102409,Bargain,2023-01-12,2023-09-11,Web,North,25-34
102410,Regular,2023-02-10,2024-12-03,Web,South,25-34
102411,Bargain,2023-01-02,2024-12-30,App,East,45-54
102412,Regular,2023-03-31,2023-08-28,App,North,25-34
102413,Regular,2023-02-07,2024-12-31,App,West,18-24
102414,Regular,2023-03-11,2024-12-14,App,South,25-34
102415,Value,2023-04-04,2024-11-13,App,East,18-24
102416,Regular,2023-01-08,2024-08-08,App,West,35-44
102417,Regular,2023-02-13,2024-12-01,Web,West,25-34
102418,Value,2023-01-08,2024-12-21,Web,West,45-54
102419,Bargain,2023-02-03,2023-04-14,App,East,45-54
102420,Value,2023-01-10,2024-01-11,Web,West,55+
102421,Value,2023-01-11,2024-06-17,App,North,18-24
102422,Regular,2023-01-03,2024-10-09,App,East,18-24
102423,Value,2023-01-27,2024-12-28,Web,North,25-34
102424,Bargain,2023-02-01,2024-08-23,Web,East,18-24
102425,Regular,2023-02-24,2024-01-26,Web,East,55+
102426,Value,2023-01-07,2024-11-02,Web,South,35-44
102427,Regular,2023-04-25,2023-05-22,App,South,45-54
102428,Regular,2023-01-11,2024-12-21,Web,North,35-44
102429,Regular,2023-01-17,2024-10-23,Web,East,45-54
102430,Bargain,2023-02-25,2024-11-08,App,East,18-24
102431,Regular,2023-01-01,2024-11-01,Web,East,25-34
102432,Regular,2023-01-27,2024-11-27,Web,East,35-44
102433,Regular,2023-01-21,2024-11-11,Web,East,35-44
102434,Regular,2023-01-03,2024-08-28,Web,South,45-54
102435,Bargain,2023-02-06,2024-09-22,Web,East,35-44
102436,Regular,2023-01-12,2024-03-21,App,East,18-24
102437,Regular,2023-01-06,2024-10-09,Store,North,25-34
102438,Regular,2023-07-18,2024-10-03,Web,South,25-34
102439,Regular,2023-03-17,2024-10-08,Store,South,25-34
102440,Bargain,2023-03-18,2024-12-20,Web,North,35-44
102441,Value,2023-01-01,2024-12-04,Web,North,18-24
102442,Regular,2023-03-23,2024-12-01,App,West,45-54
102443,Regular,2023-03-10,2024-07-24,Web,North,25-34
102444,Regular,2023-01-07,2024-08-15,Web,West,35-44
102445,Regular,2023-01-04,2024-11-13,App,South,55+
102446,Value,2023-01-19,2024-11-27,App,South,35-44
102447,Regular,2023-01-03,2024-12-30,Web,East,25-34
102448,Regular,2023-02-01,2024-10-17,App,North,25-34
102449,Regular,2023-02-11,2024-12-28,Web,West,55+
102450,Regular,2023-01-16,2024-01-30,App,East,55+
102451,Regular,2023-01-09,2024-01-17,App,West,35-44
102452,Regular,2023-07-10,2024-12-13,Web,East,18-24
102453,Regular,2023-01-10,2024-10-26,App,East,35-44
102454,Regular,2023-03-11,2024-12-17,App,South,45-54
102455,Regular,2023-01-07,2024-09-01,Web,North,35-44
102456,Regular,2023-02-04,2024-12-30,App,North,25-34
102457,Value,2023-03-19,2024-12-31,App,South,45-54
102458,Regular,2023-03-20,2024-01-02,App,North,45-54
102459,Regular,2023-02-02,2024-12-20,Web,North,35-44
102460,Bargain,2023-02-08,2024-12-28,Web,North,25-34
102461,Regular,2023-06-08,2024-10-17,Web,East,45-54
102462,Value,2023-01-04,2024-02-11,App,East,18-24
102463,Regular,2023-01-15,2024-12-23,Web,West,35-44
102464,Regular,2023-01-09,2024-12-22,App,West,35-44
102465,Regular,2023-01-11,2023-10-07,App,East,25-34
102466,Bargain,2023-08-07,2024-12-20,Web,East,35-44
102467,Regular,2023-01-14,2024-09-17,Web,North,25-34
102468,Regular,2023-02-14,2024-12-27,Web,North,25-34
102469,Regular,2023-02-09,2024-12-25,Web,North,35-44
102470,Regular,2023-01-12,2023-11-09,Store,South,18-24
102471,Bargain,2023-03-13,2024-12-29,App,North,45-54
102472,Regular,2023-03-03,2024-11-26,App,North,45-54
102473,Regular,2023-02-15,2024-09-13,App,West,25-34
102474,Regular,2023-02-07,2024-11-26,Web,West,45-54
102475,Value,2023-01-10,2024-12-08,App,East,35-44
102476,Value,2023-03-31,2024-11-11,Web,West,18-24
102477,Value,2023-01-18,2024-08-05,Web,East,45-54
102478,Regular,2023-01-02,2024-12-02,Web,North,25-34
102479,Bargain,2023-01-13,2024-07-16,App,West,35-44
102480,Regular,2023-04-02,2024-12-26,Web,East,25-34
102481,Regular,2023-01-03,2024-11-05,App,North,45-54
102482,Value,2023-01-17,2024-12-27,Web,East,35-44
102483,Regular,2023-01-20,2024-12-22,App,East,18-24
102484,Bargain,2023-02-28,2024-03-05,App,North,45-54
102485,Regular,2023-03-11,2024-09-02,App,North,18-24
102486,Regular,2023-01-26,2023-12-29,App,South,55+
102487,Bargain,2023-01-31,2023-08-03,Web,West,25-34
102488,Value,2023-01-04,2024-10-29,App,South,25-34
102489,Regular,2023-01-11,2024-09-24,App,South,25-34
102490,Bargain,2023-04-02,2024-11-21,Web,West,45-54
102491,Regular,2023-01-18,2024-11-08,App,West,25-34
102492,Value,2023-01-05,2024-12-21,Store,East,45-54
102493,Bargain,2023-04-24,2024-01-07,App,South,18-24
102494,Bargain,2023-03-11,2024-12-04,Web,East,18-24
102495,Regular,2023-03-20,2024-11-26,App,North,18-24
102496,Regular,2023-01-12,2024-04-18,App,East,45-54
102497,Regular,2023-02-02,2024-11-08,Web,East,25-34
102498,Bargain,2023-03-19,2024-11-11,Web,West,45-54
102499,Regular,2023-02-04,2024-05-30,App,South,45-54
102500,Value,2023-02-01,2024-12-23,App,South,25-34
102501,Regular,2023-01-17,2024-11-20,App,South,55+
102502,Bargain,2023-01-11,2023-10-05,App,West,18-24
102503,Bargain,2023-01-03,2024-12-04,Web,South,25-34
102504,Regular,2023-02-21,2024-12-16,Web,West,35-44
102505,Value,2023-01-12,2024-12-08,App,East,45-54
102506,Bargain,2023-01-30,2024-12-17,Store,West,25-34
102507,Bargain,2023-01-06,2024-10-29,Store,North,55+
102508,Regular,2023-04-23,2024-11-11,Web,East,18-24
102509,Regular,2023-02-01,2024-11-26,App,South,45-54
102510,Regular,2023-03-23,2024-12-09,Web,West,18-24
102511,Regular,2023-02-05,2024-12-21,Web,East,35-44
102512,Value,2023-01-20,2024-09-15,App,East,25-34
102513,Value,2023-01-05,2024-11-24,App,North,25-34
102514,Regular,2023-01-04,2024-12-27,Web,South,45-54
102515,Bargain,2023-04-03,2024-12-04,App,North,45-54
102516,Value,2023-02-05,2024-12-17,Web,South,35-44
102517,Regular,2023-01-30,2024-09-08,App,South,35-44
102518,Regular,2023-01-06,2024-11-30,Web,South,55+
102519,Regular,2023-01-25,2024-02-06,App,West,25-34
102520,Value,2023-02-12,2024-07-29,App,West,35-44
102521,Regular,2023-01-06,2024-06-26,App,West,55+
102522,Regular,2023-01-28,2024-12-23,App,South,45-54
102523,Regular,2023-02-25,2024-07-26,Store,West,35-44
102524,Bargain,2023-01-06,2023-11-27,App,East,35-44
102525,Value,2023-01-04,2024-05-21,Web,West,25-34
102526,Bargain,2023-02-04,2024-09-18,App,South,18-24
102527,Bargain,2023-01-06,2024-07-15,App,South,25-34
102528,Bargain,2023-01-02,2024-12-08,Web,East,55+
102529,Regular,2023-01-08,2023-09-01,App,South,55+
102530,Regular,2023-03-10,2024-02-25,App,West,55+
102531,Regular,2023-04-14,2023-12-07,Web,North,18-24
102532,Regular,2023-01-16,2024-12-28,App,South,55+
102533,Value,2023-01-14,2024-06-14,Web,East,35-44
102534,Bargain,2023-12-20,2024-07-11,App,West,25-34
102535,Regular,2023-02-15,2024-08-27,App,West,45-54
102536,Regular,2023-03-05,2024-12-08,App,South,45-54
102537,Regular,2023-03-06,2024-10-13,Web,East,25-34
102538,Value,2023-01-03,2024-03-13,Web,South,18-24
102539,Regular,2023-04-10,2023-12-23,Web,West,25-34
102540,Regular,2023-01-28,2024-09-28,App,East,35-44
102541,Regular,2023-06-07,2024-12-02,App,East,25-34
102542,Regular,2023-03-12,2024-11-25,App,South,18-24
102543,Regular,2023-01-27,2024-10-31,Store,East,25-34
102544,Regular,2023-02-08,2024-12-28,App,West,18-24
102545,Regular,2023-01-28,2024-12-01,Web,West,25-34
102546,Bargain,2023-01-20,2024-11-14,Web,South,55+
102547,Value,2023-01-02,2023-11-28,App,North,25-34
102548,Regular,2023-01-06,2023-12-30,Web,East,35-44
102549,Regular,2023-01-09,2023-11-03,Store,South,35-44
102550,Regular,2023-05-08,2024-12-30,App,South,25-34
102551,Regular,2023-01-30,2024-10-21,App,North,35-44
102552,Regular,2023-02-10,2024-06-14,App,East,18-24
102553,Bargain,2023-08-14,2023-11-27,Web,West,35-44
102554,Regular,2023-01-07,2024-12-31,Web,East,55+
102555,Regular,2023-01-18,2024-12-19,Web,North,35-44
102556,Value,2023-02-22,2023-12-24,Web,South,25-34
102557,Regular,2023-01-31,2024-04-13,Store,West,25-34
102558,Regular,2023-01-26,2024-12-27,App,South,55+
102559,Value,2023-01-16,2024-11-25,App,South,25-34
102560,Regular,2023-03-11,2024-10-05,Web,North,25-34
102561,Regular,2023-01-29,2023-11-07,Web,South,18-24
102562,Regular,2023-03-21,2023-11-13,Web,West,45-54
102563,Regular,2023-03-03,2024-12-22,App,South,18-24
102564,Regular,2023-02-05,2024-04-14,App,East,45-54
102565,Regular,2023-03-18,2024-09-25,App,North,55+
102566,Value,2023-01-17,2024-06-01,App,South,45-54
102567,Value,2023-01-06,2024-12-12,App,East,45-54
102568,Regular,2023-05-24,2024-09-14,Web,East,25-34
102569,Bargain,2023-01-16,2024-12-01,Web,West,55+
102570,Value,2023-01-28,2024-12-27,Web,East,45-54
102571,Regular,2023-05-26,2024-12-27,App,North,45-54
102572,Regular,2023-01-13,2024-03-03,App,South,25-34
102573,Bargain,2023-09-20,2024-12-24,Store,North,25-34
102574,Regular,2023-02-26,2024-09-29,App,West,45-54
102575,Regular,2023-01-20,2024-12-25,Web,South,18-24
102576,Regular,2023-02-02,2024-06-14,Web,West,45-54
102577,Bargain,2023-06-25,2024-02-13,Web,West,35-44
102578,Value,2023-02-10,2023-11-29,App,North,25-34
102579,Bargain,2023-04-02,2024-12-01,App,West,18-24
102580,Value,2023-01-05,2024-02-03,Store,North,35-44
102581,Bargain,2023-06-20,2024-08-21,Web,West,18-24
102582,Value,2023-01-04,2024-01-30,Store,North,25-34
102583,Value,2023-01-16,2024-11-25,Web,South,18-24
102584,Value,2023-02-03,2024-12-18,App,East,18-24
102585,Regular,2023-02-02,2024-12-24,Store,East,18-24
102586,Regular,2023-02-08,2024-06-25,Web,West,45-54
102587,Value,2023-01-01,2024-12-13,App,North,18-24
102588,Regular,2023-01-04,2024-08-07,App,North,55+
102589,Regular,2023-03-31,2024-11-12,App,East,25-34
102590,Regular,2023-01-10,2024-12-05,App,North,55+
102591,Bargain,2023-02-27,2024-11-20,App,South,35-44
102592,Regular,2023-01-01,2024-10-25,App,South,35-44
102593,Value,2023-01-03,2024-12-27,App,East,25-34
102594,Regular,2023-04-22,2024-12-14,App,East,55+
102595,Bargain,2023-01-27,2024-12-21,App,South,35-44
102596,Value,2023-01-22,2024-12-14,Web,South,25-34
102597,Regular,2023-03-17,2024-09-17,Store,East,35-44
102598,Bargain,2023-03-09,2024-06-20,Web,West,35-44
102599,Bargain,2023-01-21,2024-09-05,App,West,35-44
102600,Regular,2023-01-02,2024-11-03,App,West,55+
102601,Regular,2023-01-28,2024-12-05,Web,South,45-54
102602,Regular,2023-04-03,2024-12-30,Web,East,18-24
102603,Regular,2023-02-02,2024-11-28,App,West,35-44
102604,Value,2023-02-03,2024-12-31,Store,East,35-44
102605,Value,2023-02-19,2024-12-20,Web,North,35-44
102606,Regular,2023-01-10,2024-12-04,Store,East,35-44
102607,Regular,2023-02-11,2024-07-19,Web,North,45-54
102608,Regular,2023-02-06,2023-12-04,App,West,18-24
102609,Regular,2023-01-20,2024-12-17,App,West,18-24
102610,Bargain,2023-05-14,2024-10-29,Web,West,18-24
102611,Bargain,2023-02-01,2024-11-26,App,East,35-44
102612,Regular,2023-01-05,2024-12-01,App,North,35-44
102613,Regular,2023-01-21,2024-11-06,Store,West,25-34
102614,Regular,2023-05-28,2024-12-26,Store,East,35-44
102615,Regular,2023-02-04,2024-10-14,Web,East,35-44
102616,Value,2023-01-03,2024-06-16,Web,North,25-34
102617,Bargain,2023-04-17,2024-12-28,App,East,25-34
102618,Bargain,2023-02-19,2024-12-15,Store,East,25-34
102619,Bargain,2023-04-17,2024-11-21,App,North,35-44
102620,Bargain,2023-01-23,2024-12-11,Web,South,18-24
102621,Bargain,2023-02-05,2024-09-02,Web,South,25-34
102622,Regular,2023-01-08,2023-09-10,Store,East,55+
102623,Bargain,2023-05-05,2024-06-17,App,North,25-34
102624,Regular,2023-05-05,2024-11-19,App,South,45-54
102625,Regular,2023-01-23,2024-06-21,Web,West,25-34
102626,Regular,2023-01-20,2024-09-01,Web,North,25-34
102627,Regular,2023-07-17,2024-12-02,Web,South,35-44
102628,Regular,2023-02-20,2024-10-08,Web,North,35-44
102629,Regular,2023-02-17,2024-12-19,Web,South,55+
102630,Value,2023-01-02,2024-10-17,Web,South,45-54
102631,Regular,2023-02-06,2024-11-23,Web,East,45-54
102632,Bargain,2023-01-06,2024-09-03,Web,South,25-34
102633,Regular,2023-02-10,2024-08-08,Web,East,45-54
102634,Regular,2023-01-08,2023-10-15,Store,South,45-54
102635,Regular,2023-03-13,2023-10-02,App,East,35-44
102636,Regular,2023-01-09,2024-10-19,Store,North,25-34
102637,Regular,2023-01-19,2024-10-02,Store,West,18-24
102638,Bargain,2023-02-07,2024-12-11,App,West,18-24
102639,Value,2023-05-04,2024-11-30,App,East,18-24
102640,Regular,2023-01-02,2024-05-09,Web,South,45-54
102641,Regular,2023-01-06,2024-11-20,App,South,25-34
102642,Regular,2023-01-30,2024-04-11,Store,West,18-24
102643,Bargain,2023-02-01,2024-05-24,App,South,55+
102644,Regular,2023-02-20,2024-11-19,Web,North,55+
102645,Bargain,2023-04-14,2024-05-18,App,North,35-44
102646,Regular,2023-01-07,2024-02-13,App,South,18-24
102647,Regular,2023-01-07,2024-11-14,Web,North,25-34
102648,Regular,2023-04-30,2024-07-26,Web,West,25-34
102649,Bargain,2023-02-15,2024-12-21,Web,East,35-44
102650,Bargain,2023-03-13,2024-12-07,Store,West,35-44
102651,Regular,2023-04-23,2024-03-13,App,North,45-54
102652,Bargain,2023-01-11,2024-08-05,App,West,25-34
102653,Regular,2023-01-28,2024-07-20,App,West,25-34
102654,Regular,2023-01-25,2024-04-21,App,South,25-34
102655,Bargain,2023-01-01,2024-12-03,Web,North,35-44
102656,Regular,2023-01-26,2024-10-01,Web,South,45-54
102657,Regular,2023-01-05,2024-12-18,Web,North,35-44
102658,Value,2023-01-13,2024-11-14,Web,West,35-44
102659,Regular,2023-04-20,2024-12-07,App,West,18-24
102660,Bargain,2023-02-17,2024-11-18,App,West,25-34
102661,Regular,2023-01-23,2024-09-28,Web,East,25-34
102662,Regular,2023-01-09,2024-12-28,Web,North,25-34
102663,Regular,2023-04-09,2024-11-28,App,East,18-24
102664,Regular,2023-03-14,2024-01-19,Web,South,25-34
102665,Bargain,2023-01-19,2024-10-26,App,East,35-44
102666,Bargain,2023-01-24,2024-08-22,Web,South,35-44
102667,Value,2023-01-11,2024-12-31,App,West,25-34
102668,Regular,2023-01-16,2024-11-22,Web,North,55+
102669,Regular,2023-02-23,2024-12-09,Web,East,55+
102670,Regular,2023-01-18,2024-08-17,Web,South,25-34
102671,Regular,2023-02-24,2023-10-14,App,West,25-34
102672,Regular,2023-03-10,2024-11-03,App,North,18-24
102673,Regular,2023-01-31,2024-12-29,Store,East,35-44
102674,Regular,2023-01-16,2024-12-27,App,North,25-34
102675,Regular,2023-03-17,2024-11-28,Web,West,25-34
102676,Regular,2023-02-19,2024-04-27,App,East,45-54
102677,Bargain,2023-01-25,2024-10-31,Store,South,35-44
102678,Regular,2023-04-06,2024-10-18,App,East,18-24
102679,Regular,2023-01-17,2024-12-11,Store,East,35-44
102680,Bargain,2023-06-08,2024-12-05,App,North,45-54
102681,Bargain,2023-01-07,2024-12-15,Web,East,55+
102682,Value,2023-02-03,2024-12-11,App,East,25-34
102683,Regular,2023-01-24,2024-12-30,Web,South,25-34
102684,Regular,2023-01-08,2023-10-11,Store,North,45-54
102685,Regular,2023-01-20,2024-12-28,App,East,35-44
102686,Regular,2023-02-18,2024-09-14,App,North,18-24
102687,Regular,2023-01-05,2024-12-18,Web,West,55+
102688,Regular,2023-04-07,2024-12-14,App,North,25-34
102689,Regular,2023-01-05,2024-12-22,Web,West,45-54
102690,Bargain,2023-02-04,2024-08-01,Web,North,35-44
102691,Regular,2023-01-30,2024-09-24,App,East,35-44
102692,Bargain,2023-01-29,2024-11-07,Web,South,25-34
102693,Bargain,2023-01-08,2024-08-29,App,West,35-44
102694,Bargain,2023-01-16,2023-10-05,App,West,35-44
102695,Value,2023-02-07,2024-12-21,App,East,25-34
102696,Bargain,2023-01-15,2024-04-09,App,South,25-34
102697,Value,2023-01-15,2024-11-24,Store,South,18-24
102698,Regular,2023-01-10,2024-01-05,Web,East,55+
102699,Bargain,2023-04-25,2024-05-17,Web,North,25-34
102700,Regular,2023-02-19,2023-11-11,App,North,18-24
102701,Regular,2023-01-09,2024-11-20,App,East,25-34
102702,Regular,2023-04-29,2024-10-24,App,South,35-44
102703,Bargain,2023-11-04,2024-12-27,App,South,25-34
102704,Regular,2023-02-09,2024-12-28,App,North,25-34
102705,Regular,2023-01-07,2024-11-13,Web,East,45-54
102706,Bargain,2023-01-10,2023-11-11,Store,East,45-54
102707,Regular,2023-03-07,2024-10-13,App,East,18-24
102708,Value,2023-01-07,2024-12-18,App,South,18-24
102709,Regular,2023-01-14,2024-11-06,Web,West,55+
102710,Bargain,2023-04-07,2024-11-13,Web,West,55+
102711,Regular,2023-03-03,2024-09-20,App,South,18-24
102712,Regular,2023-03-14,2024-11-21,App,East,25-34
102713,Value,2023-02-11,2024-05-22,Web,North,18-24
102714,Bargain,2023-01-31,2024-05-09,Web,North,18-24
102715,Regular,2023-01-26,2024-08-19,Web,West,35-44
102716,Regular,2023-01-14,2024-09-27,Web,North,55+
102717,Bargain,2023-06-09,2024-10-23,App,South,18-24
102718,Value,2023-01-25,2024-12-05,Web,West,45-54
102719,Regular,2023-07-21,2024-11-24,Web,West,18-24
102720,Regular,2023-04-30,2024-10-24,Web,East,55+
102721,Bargain,2023-01-15,2024-10-21,App,North,25-34
102722,Regular,2023-07-13,2024-08-09,App,South,35-44
102723,Regular,2023-04-14,2024-07-14,Store,South,45-54
102724,Value,2023-01-17,2024-12-18,App,West,35-44
102725,Regular,2023-02-03,2024-12-20,App,North,18-24
102726,Regular,2023-01-21,2023-12-01,Web,East,25-34
102727,Value,2023-01-04,2024-02-11,Store,East,18-24
102728,Regular,2023-01-14,2024-12-11,App,West,35-44
102729,Bargain,2023-02-11,2024-07-07,Store,South,45-54
102730,Value,2023-01-11,2024-12-18,Web,North,45-54
102731,Regular,2023-02-18,2024-11-20,Web,North,35-44
102732,Regular,2023-02-20,2024-05-17,Web,North,25-34
102733,Regular,2023-01-15,2023-10-10,Web,East,35-44
102734,Regular,2023-01-01,2024-12-03,Web,East,25-34
102735,Regular,2023-01-16,2024-09-29,Store,West,35-44
102736,Value,2023-01-12,2024-12-21,App,East,35-44
102737,Regular,2023-01-22,2024-12-11,Web,South,18-24
102738,Regular,2023-01-08,2024-06-16,App,East,45-54
102739,Regular,2023-02-16,2024-12-23,Web,East,35-44
102740,Value,2023-01-17,2024-12-02,App,West,18-24
102741,Bargain,2023-01-21,2024-11-02,Web,South,45-54
102742,Value,2023-01-10,2024-12-18,App,North,45-54
102743,Regular,2023-02-03,2024-11-13,App,West,25-34
102744,Regular,2023-02-03,2024-11-23,App,North,18-24
102745,Regular,2023-04-11,2024-10-23,App,North,18-24
102746,Regular,2023-05-06,2024-10-31,Web,East,18-24
102747,Value,2023-01-02,2024-12-31,Web,West,18-24
102748,Regular,2023-01-19,2024-08-29,Web,East,45-54
102749,Value,2023-02-13,2024-11-14,App,North,25-34
102750,Regular,2023-01-07,2024-07-25,Web,North,35-44
102751,Regular,2023-03-19,2023-05-14,Web,East,25-34
102752,Bargain,2023-01-03,2024-11-27,Web,East,25-34
102753,Value,2023-01-02,2024-12-07,App,East,35-44
102754,Bargain,2023-08-07,2024-12-29,Web,South,18-24
102755,Regular,2023-01-15,2024-12-23,Web,South,25-34
102756,Bargain,2023-02-18,2023-08-06,App,North,35-44
102757,Regular,2023-09-16,2023-12-30,App,North,35-44
102758,Regular,2023-07-24,2023-11-03,Web,West,18-24
102759,Regular,2023-02-05,2024-12-06,App,East,25-34
102760,Regular,2023-04-03,2024-12-11,Web,East,18-24
102761,Bargain,2023-01-24,2024-12-01,App,West,45-54
102762,Value,2023-01-21,2024-05-15,App,North,45-54
102763,Regular,2023-01-30,2023-11-30,Web,North,35-44
102764,Value,2023-02-10,2024-11-10,Web,South,18-24
102765,Bargain,2023-01-14,2024-04-04,Store,West,25-34
102766,Regular,2023-01-12,2024-08-14,App,East,18-24
102767,Regular,2023-01-14,2024-12-16,Web,South,18-24
102768,Bargain,2023-01-09,2024-10-15,App,North,25-34
102769,Bargain,2023-01-05,2024-08-29,App,West,45-54
102770,Value,2023-01-01,2024-09-15,Web,West,35-44
102771,Regular,2023-03-07,2024-01-24,Web,East,35-44
102772,Bargain,2023-02-05,2023-12-31,App,South,55+
102773,Value,2023-01-09,2024-11-27,App,South,25-34
102774,Regular,2023-08-11,2024-09-17,Store,East,18-24
102775,Regular,2023-01-16,2024-09-13,App,West,45-54
102776,Regular,2023-01-28,2024-07-05,Store,East,18-24
102777,Regular,2023-02-07,2024-11-24,Web,South,18-24
102778,Regular,2023-01-04,2024-03-30,Web,North,45-54
102779,Value,2023-01-03,2024-12-03,App,East,35-44
102780,Value,2023-01-30,2024-12-30,Web,South,18-24
102781,Value,2023-02-01,2024-02-13,Web,North,18-24
102782,Regular,2023-01-26,2024-12-24,App,South,25-34
102783,Regular,2023-01-13,2024-05-05,Web,East,18-24
102784,Regular,2023-01-25,2024-05-28,App,West,18-24
102785,Regular,2023-01-24,2024-12-28,App,West,35-44
102786,Regular,2023-01-11,2024-12-23,Store,South,25-34
102787,Regular,2023-03-05,2024-12-10,Web,West,35-44
102788,Bargain,2023-01-15,2024-10-26,Web,East,25-34
102789,Regular,2023-03-28,2024-10-02,App,East,35-44
102790,Bargain,2023-01-01,2024-09-15,Web,West,18-24
102791,Value,2023-01-23,2024-11-19,Store,West,25-34
102792,Regular,2023-02-05,2024-11-21,Store,East,18-24
102793,Bargain,2023-03-12,2024-10-06,Web,South,55+
102794,Bargain,2023-04-03,2024-12-06,Web,West,35-44
102795,Regular,2023-03-15,2024-12-16,Web,West,18-24
102796,Regular,2023-02-05,2024-04-12,App,South,35-44
102797,Regular,2023-01-05,2024-12-16,Store,West,45-54
102798,Regular,2023-01-02,2024-06-18,Web,North,18-24
102799,Regular,2023-01-23,2024-12-17,App,North,25-34
102800,Bargain,2023-04-03,2024-12-09,App,South,35-44
102801,Regular,2023-01-04,2024-11-13,Web,East,55+
102802,Value,2023-02-21,2024-11-11,App,South,45-54
102803,Regular,2023-02-13,2024-10-06,App,South,35-44
102804,Value,2023-02-17,2024-07-30,Web,East,35-44
102805,Regular,2023-04-10,2024-10-25,App,West,55+
102806,Regular,2023-02-23,2024-11-01,App,North,25-34
102807,Regular,2023-03-22,2023-12-07,App,North,45-54
102808,Value,2023-01-16,2024-12-21,App,North,45-54
102809,Value,2023-01-11,2024-07-05,App,East,18-24
102810,Value,2023-01-17,2024-11-27,App,South,45-54
102811,Bargain,2023-07-29,2024-10-28,App,East,18-24
102812,Regular,2023-02-18,2024-11-22,App,North,18-24
102813,Value,2023-01-11,2024-07-22,Store,North,35-44
102814,Value,2023-01-23,2024-12-27,App,West,45-54
102815,Regular,2023-02-15,2024-01-29,App,West,35-44
102816,Regular,2023-01-24,2024-10-14,App,South,18-24
102817,Regular,2023-04-23,2024-12-08,App,North,45-54
102818,Regular,2023-01-14,2024-12-29,App,South,25-34
102819,Bargain,2023-04-28,2024-09-20,App,West,35-44
102820,Regular,2023-04-21,2024-12-21,Web,West,25-34
102821,Regular,2023-01-20,2024-10-30,App,South,25-34
102822,Value,2023-02-18,2024-01-11,App,North,35-44
102823,Bargain,2023-01-04,2023-11-21,App,North,18-24
102824,Bargain,2023-02-03,2024-12-24,App,North,45-54
102825,Regular,2023-01-03,2024-09-30,App,South,25-34
102826,Regular,2023-01-17,2024-12-25,App,North,45-54
102827,Regular,2023-01-11,2024-05-27,Store,West,35-44
102828,Bargain,2023-01-04,2024-12-27,Store,North,18-24
102829,Regular,2023-01-21,2024-12-01,App,South,55+
102830,Regular,2023-04-23,2024-11-17,Web,North,35-44
102831,Regular,2023-04-09,2024-12-24,Web,North,25-34
102832,Regular,2023-01-14,2024-06-03,App,East,25-34
102833,Bargain,2023-01-06,2024-12-26,Web,South,35-44
102834,Regular,2023-01-14,2024-11-20,Web,West,25-34
102835,Regular,2023-01-22,2024-05-26,App,South,18-24
102836,Regular,2023-01-06,2024-08-02,Web,East,18-24
102837,Regular,2023-02-11,2024-12-24,App,North,45-54
102838,Regular,2023-03-07,2024-11-11,Web,North,25-34
102839,Value,2023-01-03,2024-11-21,Web,East,25-34
102840,Regular,2023-01-19,2024-10-31,App,North,18-24
102841,Regular,2023-01-03,2024-06-24,App,South,18-24
102842,Regular,2023-05-09,2024-08-21,Web,West,25-34
102843,Regular,2023-01-09,2024-11-30,Web,North,35-44
102844,Regular,2023-03-14,2024-06-11,App,South,35-44
102845,Regular,2023-03-03,2024-04-17,App,East,35-44
102846,Regular,2023-01-15,2024-12-26,App,West,25-34
102847,Value,2023-01-13,2023-12-09,App,West,35-44
102848,Regular,2023-03-15,2024-09-27,App,North,35-44
102849,Regular,2023-02-04,2024-11-09,App,North,25-34
102850,Regular,2023-02-22,2024-11-24,Web,West,55+
102851,Regular,2023-02-28,2024-10-20,App,North,18-24
102852,Bargain,2023-01-24,2024-08-14,App,East,25-34
102853,Regular,2023-01-18,2024-12-26,App,East,25-34
102854,Regular,2023-03-04,2024-10-26,App,West,18-24
102855,Bargain,2023-06-16,2024-07-15,App,East,35-44
102856,Regular,2023-03-22,2024-01-01,App,North,25-34
102857,Regular,2023-01-27,2023-10-12,Web,West,35-44
102858,Regular,2023-01-25,2024-12-20,Web,North,25-34
102859,Regular,2023-01-01,2024-12-04,App,North,45-54
102860,Regular,2023-01-30,2024-12-24,App,North,55+
102861,Regular,2023-01-27,2023-10-30,Web,West,55+
102862,Regular,2023-01-05,2023-11-12,App,West,25-34
102863,Value,2023-01-20,2024-11-15,App,East,25-34
102864,Regular,2023-01-02,2024-12-01,Store,East,35-44
102865,Value,2023-01-04,2024-12-16,Store,West,18-24
102866,Regular,2023-01-24,2023-11-30,Store,South,18-24
102867,Regular,2023-01-30,2024-10-21,Web,East,55+
102868,Bargain,2023-01-18,2024-09-13,Store,North,18-24
102869,Value,2023-01-05,2024-11-12,Web,East,25-34
102870,Regular,2023-02-19,2024-07-02,App,South,55+
102871,Regular,2023-02-10,2024-06-09,App,East,25-34
102872,Value,2023-01-03,2024-04-03,App,South,25-34
102873,Regular,2023-01-24,2023-12-02,App,West,25-34
102874,Value,2023-01-09,2024-12-06,App,East,25-34
102875,Regular,2023-01-07,2023-12-28,App,North,55+
102876,Regular,2023-01-25,2024-12-29,App,East,25-34
102877,Regular,2023-03-22,2024-12-01,Web,North,35-44
102878,Regular,2023-02-21,2024-12-26,Store,East,25-34
102879,Value,2023-01-02,2024-12-16,App,East,35-44
102880,Value,2023-01-08,2024-03-12,App,North,35-44
102881,Value,2023-01-17,2024-02-21,Web,South,45-54
102882,Regular,2023-03-17,2023-08-30,App,West,18-24
102883,Regular,2023-01-17,2024-12-22,App,West,35-44
102884,Regular,2023-01-04,2024-06-24,App,West,25-34
102885,Regular,2023-02-12,2024-11-27,App,East,25-34
102886,Value,2023-01-04,2024-06-27,Web,South,55+
102887,Bargain,2023-06-26,2023-07-14,Web,South,35-44
102888,Value,2023-01-07,2024-11-20,Web,East,35-44
102889,Value,2023-01-14,2024-12-20,Web,North,35-44
102890,Value,2023-01-11,2024-11-23,Store,West,25-34
102891,Bargain,2023-01-09,2024-10-27,App,North,18-24
102892,Regular,2023-01-29,2023-11-12,App,West,18-24
102893,Regular,2023-01-22,2024-09-28,App,East,45-54
102894,Bargain,2023-05-13,2024-11-25,Web,East,18-24
102895,Value,2023-01-09,2024-12-19,Store,West,35-44
102896,Bargain,2023-02-27,2024-11-10,App,North,25-34
102897,Regular,2023-04-02,2024-08-15,Web,South,55+
102898,Regular,2023-06-05,2024-11-08,App,West,55+
102899,Regular,2023-02-21,2024-04-11,Web,West,18-24
102900,Regular,2023-03-03,2024-12-28,App,North,45-54
102901,Bargain,2023-02-23,2024-10-28,Web,South,35-44
102902,Value,2023-01-16,2024-12-15,App,South,25-34
102903,Bargain,2023-01-16,2024-12-08,Web,West,18-24
102904,Regular,2023-03-02,2024-12-02,Store,East,25-34
102905,Regular,2023-01-05,2024-03-25,Web,North,55+
102906,Bargain,2023-01-04,2024-09-16,Web,North,35-44
102907,Value,2023-01-12,2024-12-28,Store,East,25-34
102908,Bargain,2023-02-03,2024-10-26,Store,North,18-24
102909,Regular,2023-01-19,2024-11-15,Web,West,45-54
102910,Regular,2023-03-09,2024-12-11,App,North,25-34
102911,Value,2023-01-14,2023-09-21,App,North,25-34
102912,Regular,2023-01-21,2024-11-26,App,East,25-34
102913,Regular,2023-01-10,2024-12-31,Web,West,35-44
102914,Regular,2023-01-06,2024-10-27,Web,North,25-34
102915,Value,2023-01-09,2024-12-11,Web,North,25-34
102916,Regular,2023-02-18,2024-10-29,Web,East,18-24
102917,Bargain,2023-01-03,2024-08-28,App,South,45-54
102918,Value,2023-01-15,2024-12-30,Store,South,35-44
102919,Regular,2023-01-13,2024-11-03,Web,West,35-44
102920,Bargain,2023-04-17,2024-12-02,App,West,18-24
102921,Value,2023-02-04,2024-10-28,App,South,35-44
102922,Value,2023-01-06,2024-12-27,App,West,35-44
102923,Regular,2023-01-15,2024-11-30,App,South,25-34
102924,Value,2023-02-10,2024-12-30,App,East,35-44
102925,Regular,2023-02-28,2024-07-15,Web,North,25-34
102926,Regular,2023-01-22,2024-06-25,Web,East,25-34
102927,Regular,2023-04-19,2024-12-13,App,North,35-44
102928,Regular,2023-01-15,2024-07-24,App,South,25-34
102929,Regular,2023-05-23,2024-12-26,Web,West,25-34
102930,Regular,2023-01-31,2023-09-18,App,North,35-44
102931,Regular,2023-03-21,2024-12-26,App,South,45-54
102932,Regular,2023-01-17,2024-09-09,App,West,35-44
102933,Bargain,2023-05-10,2024-02-17,Web,South,35-44
102934,Regular,2023-03-27,2024-12-26,App,West,18-24
102935,Regular,2023-01-05,2024-03-02,App,West,18-24
102936,Regular,2023-04-08,2023-11-05,App,East,25-34
102937,Value,2023-01-25,2024-09-05,Web,South,55+
102938,Regular,2023-02-19,2024-01-29,Web,North,45-54
102939,Value,2023-01-03,2024-12-30,Web,South,55+
102940,Bargain,2023-01-23,2024-02-16,Web,North,25-34
102941,Regular,2023-04-30,2024-12-26,App,West,55+
102942,Bargain,2023-01-12,2024-08-30,App,North,25-34
102943,Value,2023-01-04,2024-10-27,App,West,55+
102944,Regular,2023-01-20,2024-11-17,App,North,45-54
102945,Regular,2023-01-24,2023-10-18,App,West,55+
102946,Regular,2023-01-12,2024-12-11,App,West,18-24
102947,Regular,2023-01-08,2024-12-24,Web,East,25-34
102948,Bargain,2023-02-01,2023-12-31,Web,East,55+
102949,Bargain,2023-02-07,2024-11-05,App,West,25-34
102950,Value,2023-01-05,2024-11-22,App,East,35-44
102951,Regular,2023-03-04,2024-12-24,App,West,25-34
102952,Value,2023-01-17,2024-11-29,Store,West,25-34
102953,Bargain,2023-02-28,2023-10-30,Web,North,25-34
102954,Regular,2023-01-15,2024-11-06,App,North,35-44
102955,Regular,2023-02-03,2024-08-31,App,East,45-54
102956,Value,2023-01-02,2024-12-31,App,South,45-54
102957,Value,2023-01-29,2024-10-01,App,South,25-34
102958,Regular,2023-01-22,2024-08-08,App,North,25-34
102959,Bargain,2023-02-10,2024-12-04,Web,South,55+
102960,Regular,2023-01-27,2024-05-16,App,West,18-24
102961,Bargain,2023-02-20,2024-01-23,Web,South,55+
102962,Value,2023-01-04,2024-12-29,Web,East,55+
102963,Regular,2023-01-19,2024-12-29,Web,North,25-34
102964,Regular,2023-01-17,2024-03-22,Web,North,55+
102965,Regular,2023-01-25,2024-09-08,App,North,18-24
102966,Regular,2023-01-19,2024-12-09,App,East,35-44
102967,Regular,2023-02-02,2024-12-29,Web,East,25-34
102968,Regular,2023-01-01,2024-07-27,App,South,35-44
102969,Value,2023-01-09,2024-02-01,App,West,45-54
102970,Regular,2023-01-21,2024-12-23,App,North,35-44
102971,Regular,2023-01-04,2024-04-13,App,West,35-44
102972,Value,2023-01-04,2024-12-29,App,East,18-24
102973,Bargain,2023-01-28,2024-06-19,App,West,35-44
102974,Regular,2023-01-16,2024-12-27,Store,North,35-44
102975,Bargain,2023-03-27,2024-12-17,App,South,45-54
102976,Regular,2023-01-27,2024-12-01,App,West,25-34
102977,Regular,2023-02-06,2024-12-15,Store,East,25-34
102978,Regular,2023-04-30,2024-09-28,App,South,25-34
102979,Bargain,2023-02-25,2024-04-04,Web,East,25-34
102980,Regular,2023-01-30,2024-09-22,App,West,55+
102981,Regular,2023-02-21,2024-12-11,App,West,25-34
102982,Value,2023-01-15,2024-11-11,App,East,25-34
102983,Regular,2023-02-23,2024-12-31,Web,South,45-54
102984,Value,2023-03-13,2024-12-29,App,West,45-54
102985,Regular,2023-01-05,2023-09-15,Web,South,55+
102986,Value,2023-01-07,2024-12-06,App,South,35-44
102987,Regular,2023-02-02,2024-10-03,Web,East,35-44
102988,Value,2023-01-28,2024-10-17,App,North,35-44
102989,Regular,2023-03-03,2024-12-06,App,West,25-34
102990,Regular,2023-01-01,2024-09-15,App,West,18-24
102991,Bargain,2023-06-15,2024-12-26,App,South,35-44
102992,Regular,2023-01-05,2024-11-22,Web,South,25-34
102993,Regular,2023-01-05,2024-09-29,App,North,25-34
102994,Regular,2023-05-22,2023-10-28,App,North,25-34
102995,Regular,2023-02-08,2024-09-13,App,North,55+
102996,Regular,2023-01-31,2023-12-12,App,South,35-44
102997,Regular,2023-02-18,2024-10-21,Web,South,18-24
102998,Bargain,2023-01-04,2024-03-31,App,South,35-44
102999,Value,2023-01-12,2024-11-18,Web,East,45-54
103000,Bargain,2023-03-20,2024-11-23,Web,South,25-34
103001,Regular,2023-02-24,2024-12-16,Web,North,45-54
103002,Regular,2023-02-26,2024-04-09,Web,West,18-24
103003,Regular,2023-02-17,2024-04-10,Web,West,25-34
103004,Value,2023-01-07,2024-11-05,Web,South,18-24
103005,Regular,2023-03-27,2024-12-17,App,North,18-24
103006,Regular,2023-01-13,2024-10-17,App,South,45-54
103007,Value,2023-02-05,2024-12-13,App,East,55+
103008,Value,2023-01-06,2024-11-19,App,North,18-24
103009,Regular,2023-05-13,2024-12-23,Web,East,35-44
103010,Regular,2023-01-23,2024-12-29,Store,East,45-54
103011,Bargain,2023-05-03,2024-11-19,App,West,35-44
103012,Regular,2023-01-06,2024-12-18,App,South,45-54
103013,Regular,2023-01-03,2024-11-08,App,North,18-24
103014,Regular,2023-04-07,2024-05-16,App,South,18-24
103015,Regular,2023-01-07,2023-09-16,App,South,25-34
103016,Bargain,2023-10-06,2024-12-24,App,North,55+
103017,Value,2023-02-05,2024-12-30,Store,West,45-54
103018,Regular,2023-03-05,2024-07-04,App,East,25-34
103019,Regular,2023-02-19,2024-12-30,App,West,25-34
103020,Regular,2023-03-26,2024-09-22,Web,South,25-34
103021,Regular,2023-02-22,2024-02-13,Web,West,55+
103022,Regular,2023-03-03,2024-09-24,App,North,45-54
103023,Regular,2023-01-31,2024-11-24,Web,North,35-44
103024,Regular,2023-02-21,2024-10-06,Store,South,25-34
103025,Value,2023-01-08,2024-12-26,App,East,18-24
103026,Regular,2023-02-02,2024-12-25,Web,North,25-34
103027,Bargain,2023-02-13,2024-12-28,Web,South,55+
103028,Regular,2023-02-11,2024-11-26,Web,East,35-44
103029,Regular,2023-02-18,2024-12-20,Store,North,25-34
103030,Regular,2023-01-26,2024-09-25,Web,South,55+
103031,Value,2023-01-08,2024-12-26,App,West,25-34
103032,Regular,2023-01-01,2024-12-21,Web,North,18-24
103033,Regular,2023-01-24,2024-09-25,App,West,55+
103034,Bargain,2023-02-07,2024-05-26,Web,South,25-34
103035,Regular,2023-01-16,2024-12-22,App,East,25-34
103036,Regular,2023-05-30,2024-11-22,App,East,55+
103037,Value,2023-02-18,2024-12-29,Store,West,35-44
103038,Value,2023-01-26,2024-04-16,App,South,25-34
103039,Regular,2023-01-05,2024-12-20,Store,South,35-44
103040,Regular,2023-01-28,2023-11-21,App,South,45-54
103041,Bargain,2023-01-04,2024-12-15,App,East,25-34
103042,Regular,2023-01-03,2024-08-05,App,West,18-24
103043,Regular,2023-02-17,2024-11-01,App,North,18-24
103044,Regular,2023-01-14,2024-10-14,App,West,55+
103045,Bargain,2023-01-21,2024-09-21,Web,North,35-44
103046,Regular,2023-02-21,2024-10-08,Web,West,18-24
103047,Regular,2023-03-14,2024-09-27,App,East,18-24
103048,Bargain,2023-01-07,2024-11-29,Web,South,25-34
103049,Regular,2023-03-23,2024-12-01,Web,South,25-34
103050,Bargain,2023-01-03,2024-12-11,App,South,25-34
103051,Value,2023-01-06,2024-12-08,Web,North,35-44
103052,Regular,2023-01-10,2024-12-27,App,South,35-44
103053,Regular,2023-02-03,2024-10-03,Store,South,25-34
103054,Regular,2023-01-31,2024-10-25,App,West,35-44
103055,Regular,2023-04-22,2024-12-24,App,East,45-54
103056,Regular,2023-03-02,2024-12-22,Store,North,18-24
103057,Value,2023-01-14,2024-09-09,Web,South,25-34
103058,Regular,2023-03-19,2024-11-22,App,West,25-34
103059,Regular,2023-01-24,2024-12-01,App,East,45-54
103060,Regular,2023-01-19,2024-12-04,Web,East,45-54
103061,Regular,2023-01-06,2024-04-09,App,East,18-24
103062,Regular,2023-04-20,2024-10-28,Web,South,18-24
103063,Bargain,2023-01-18,2024-12-22,Web,North,35-44
103064,Regular,2023-01-11,2024-12-04,App,West,25-34
103065,Regular,2023-01-21,2023-05-28,Store,North,18-24
103066,Regular,2023-01-19,2024-08-09,Web,West,45-54
103067,Value,2023-01-06,2024-12-10,App,East,25-34
103068,Regular,2023-01-20,2023-09-03,App,South,25-34
103069,Regular,2023-01-06,2024-11-19,App,North,35-44
103070,Value,2023-01-10,2024-11-05,Web,North,25-34
103071,Bargain,2023-02-24,2024-11-18,App,East,55+
103072,Bargain,2023-01-01,2024-04-25,App,East,25-34
103073,Regular,2023-02-15,2024-10-02,App,East,18-24
103074,Bargain,2023-03-02,2024-09-11,App,South,18-24
103075,Bargain,2023-01-13,2024-11-28,Web,South,18-24
103076,Regular,2023-01-18,2024-07-20,App,East,45-54
103077,Regular,2023-06-04,2024-07-21,Web,West,25-34
103078,Regular,2023-04-01,2024-08-19,App,East,25-34
103079,Regular,2023-01-01,2024-12-26,App,North,55+
103080,Regular,2023-01-03,2024-09-29,Web,South,35-44
103081,Value,2023-01-21,2024-12-30,Web,South,35-44
103082,Regular,2023-01-09,2024-04-06,Web,North,25-34
103083,Regular,2023-02-21,2024-11-13,Web,North,35-44
103084,Regular,2023-01-27,2024-02-29,App,North,55+
103085,Regular,2023-01-30,2024-12-31,App,North,35-44
103086,Regular,2023-01-16,2024-12-11,Web,North,45-54
103087,Regular,2023-01-23,2024-09-16,Store,East,35-44
103088,Regular,2023-01-18,2024-12-07,App,South,45-54
103089,Bargain,2023-01-22,2024-03-21,App,South,55+
103090,Bargain,2023-04-13,2024-07-06,App,South,55+
103091,Bargain,2023-01-01,2024-07-24,App,North,25-34
103092,Bargain,2023-04-14,2024-07-12,Store,West,25-34
103093,Bargain,2023-02-17,2024-11-26,App,West,45-54
103094,Regular,2023-01-07,2024-07-22,App,North,35-44
103095,Value,2023-01-03,2024-12-04,Web,North,35-44
103096,Value,2023-01-07,2024-03-29,Web,South,35-44
103097,Regular,2023-02-18,2024-10-01,Web,West,18-24
103098,Regular,2023-01-28,2024-12-16,Web,South,45-54
103099,Value,2023-02-27,2024-12-08,Store,East,35-44
103100,Bargain,2023-03-26,2024-02-26,App,South,18-24
103101,Value,2023-03-29,2023-12-04,App,East,35-44
103102,Bargain,2023-01-27,2024-12-04,Web,North,35-44
103103,Regular,2023-03-25,2024-12-09,App,North,55+
103104,Regular,2023-01-29,2024-10-13,Web,East,18-24
103105,Regular,2023-02-27,2024-06-12,App,East,18-24
103106,Regular,2023-02-04,2024-10-05,Web,North,25-34
103107,Regular,2023-03-07,2024-07-02,App,East,55+
103108,Value,2023-01-01,2024-12-26,Web,East,18-24
103109,Bargain,2023-02-15,2024-04-21,App,East,25-34
103110,Regular,2023-03-28,2024-03-10,Web,South,45-54
103111,Regular,2023-03-14,2024-02-11,App,South,55+
103112,Regular,2023-01-24,2024-11-29,Web,East,18-24
103113,Regular,2023-01-31,2024-11-17,App,East,35-44
103114,Regular,2023-02-13,2023-12-25,Web,North,25-34
103115,Regular,2023-08-21,2024-11-16,App,South,45-54
103116,Value,2023-01-10,2024-12-25,App,North,25-34
103117,Regular,2023-01-30,2024-06-19,Web,South,45-54
103118,Regular,2023-04-05,2024-12-05,Web,North,25-34
103119,Regular,2023-04-22,2024-12-30,Web,South,45-54
103120,Value,2023-01-07,2024-10-30,Web,South,25-34
103121,Regular,2023-01-07,2024-10-18,Web,West,25-34
103122,Regular,2023-01-12,2024-11-29,Web,North,45-54
103123,Regular,2023-03-07,2024-03-30,Store,East,45-54
103124,Value,2023-01-02,2024-12-15,Store,West,55+
103125,Value,2023-02-15,2024-12-20,Web,South,25-34
103126,Regular,2023-02-28,2024-09-24,Web,East,25-34
103127,Value,2023-01-01,2024-12-08,App,East,18-24
103128,Regular,2023-01-28,2024-12-23,App,West,45-54
103129,Bargain,2023-02-12,2024-08-12,App,West,18-24
103130,Regular,2023-04-12,2024-11-26,Web,West,55+
103131,Bargain,2023-01-23,2024-10-11,App,East,25-34
103132,Value,2023-01-25,2024-11-30,App,North,25-34
103133,Value,2023-03-04,2024-12-16,Web,South,45-54
103134,Regular,2023-01-11,2024-07-26,App,East,35-44
103135,Regular,2023-01-01,2024-12-25,Web,West,35-44
103136,Bargain,2023-01-19,2024-11-04,Web,North,18-24
103137,Value,2023-01-13,2024-04-17,App,North,35-44
103138,Regular,2023-03-01,2024-12-11,Store,West,18-24
103139,Regular,2023-01-02,2024-06-02,App,East,55+
103140,Regular,2023-01-21,2023-08-14,Web,West,55+
103141,Value,2023-01-16,2024-09-29,Web,South,35-44
103142,Bargain,2023-06-02,2023-11-26,Web,North,45-54
103143,Value,2023-01-08,2024-12-12,Web,East,45-54
103144,Bargain,2023-01-05,2024-12-17,Web,East,25-34
103145,Regular,2023-01-08,2024-12-21,Web,South,35-44
103146,Regular,2023-05-29,2024-01-04,Web,East,18-24
103147,Regular,2023-01-17,2024-11-05,App,South,25-34
103148,Bargain,2023-02-06,2024-09-21,App,West,25-34
103149,Value,2023-01-21,2024-10-02,Store,South,35-44
103150,Value,2023-01-24,2024-12-29,Web,East,45-54
103151,Regular,2023-03-14,2024-12-27,App,North,18-24
103152,Regular,2023-01-15,2024-11-14,Web,West,25-34
103153,Value,2023-02-06,2024-12-24,Web,North,25-34
103154,Value,2023-01-23,2024-11-24,App,East,25-34
103155,Regular,2023-01-08,2024-09-08,Web,West,55+
103156,Value,2023-01-02,2024-11-19,App,East,25-34
103157,Value,2023-03-04,2024-07-13,App,North,25-34
103158,Bargain,2023-07-17,2024-05-21,Web,South,45-54
103159,Regular,2023-04-02,2024-04-18,Web,East,18-24
103160,Bargain,2023-02-04,2024-10-02,Web,South,45-54
103161,Bargain,2023-02-24,2024-11-20,Web,South,35-44
103162,Value,2023-01-15,2024-12-14,App,West,25-34
103163,Regular,2023-06-11,2024-06-21,Web,North,45-54
103164,Regular,2023-02-13,2024-10-21,Store,South,25-34
103165,Regular,2023-02-05,2024-12-14,Web,North,25-34
103166,Value,2023-01-07,2024-12-28,Web,West,25-34
103167,Value,2023-02-08,2024-11-01,Web,West,25-34
103168,Value,2023-02-20,2024-11-10,Web,North,25-34
103169,Regular,2023-01-02,2024-09-15,App,East,25-34
103170,Bargain,2023-03-26,2024-12-15,Store,North,35-44
103171,Regular,2023-01-13,2024-10-17,Web,South,18-24
103172,Regular,2023-02-06,2024-12-31,App,East,35-44
103173,Bargain,2023-02-15,2024-06-17,App,South,25-34
103174,Regular,2023-01-02,2024-05-28,Web,North,35-44
103175,Value,2023-01-13,2024-12-29,Web,North,18-24
103176,Bargain,2023-01-05,2024-07-11,Web,West,18-24
103177,Regular,2023-01-02,2024-11-10,Web,South,55+
103178,Value,2023-01-13,2024-12-29,Web,North,25-34
103179,Regular,2023-01-24,2024-11-07,Web,South,35-44
103180,Bargain,2023-01-03,2024-08-06,Web,East,25-34
103181,Regular,2023-02-17,2024-12-27,App,East,18-24
103182,Regular,2023-02-26,2024-12-24,App,West,18-24
103183,Value,2023-01-03,2024-01-07,App,East,18-24
103184,Value,2023-03-01,2024-12-23,Web,South,25-34
103185,Value,2023-01-01,2024-11-09,App,West,18-24
103186,Regular,2023-01-21,2024-12-26,Store,West,55+
103187,Bargain,2023-02-27,2024-12-08,App,South,25-34
103188,Value,2023-01-02,2024-12-08,Web,East,35-44
103189,Regular,2023-02-05,2024-12-28,Web,South,55+
103190,Value,2023-01-11,2024-12-17,Web,West,45-54
103191,Value,2023-03-11,2024-12-31,App,West,25-34
103192,Regular,2023-02-16,2024-11-30,App,West,45-54
103193,Regular,2023-04-06,2024-11-24,Web,South,45-54
103194,Regular,2023-01-26,2024-12-18,App,West,35-44
103195,Regular,2023-04-25,2024-12-22,Web,South,35-44
103196,Regular,2023-02-04,2024-12-25,Web,North,35-44
103197,Value,2023-03-01,2024-08-15,Web,South,25-34
103198,Value,2023-01-06,2024-12-25,Web,South,18-24
103199,Bargain,2023-02-24,2023-03-15,Store,East,35-44
103200,Regular,2023-03-01,2023-11-30,Web,North,45-54
103201,Bargain,2023-01-11,2024-12-20,App,South,25-34
103202,Bargain,2023-03-21,2024-12-18,App,West,25-34
103203,Regular,2023-01-12,2024-12-25,App,North,55+
103204,Bargain,2023-05-24,2024-11-06,Web,South,18-24
103205,Regular,2023-01-30,2024-10-29,App,South,25-34
103206,Value,2023-01-04,2024-12-26,Web,South,35-44
103207,Value,2023-03-09,2024-12-16,App,South,35-44
103208,Value,2023-01-07,2024-12-14,Web,South,18-24
103209,Value,2023-01-20,2024-12-28,Web,East,25-34
103210,Regular,2023-01-04,2024-10-27,App,South,45-54
103211,Regular,2023-02-25,2024-12-21,App,North,45-54
103212,Regular,2023-04-24,2024-12-03,App,South,45-54
103213,Regular,2023-01-21,2024-08-11,Web,East,25-34
103214,Value,2023-01-05,2023-11-14,App,South,35-44
103215,Regular,2023-01-09,2024-04-08,Web,North,55+
103216,Regular,2023-06-11,2024-11-06,Web,North,25-34
103217,Value,2023-01-07,2024-12-15,Store,South,35-44
103218,Regular,2023-01-27,2024-12-26,Web,North,35-44
103219,Regular,2023-01-10,2024-08-30,Web,North,25-34
103220,Regular,2023-01-10,2024-06-17,Web,West,55+
103221,Bargain,2023-01-10,2024-08-29,Web,West,35-44
103222,Regular,2023-02-24,2024-02-09,App,North,25-34
103223,Regular,2023-06-09,2024-12-24,App,West,35-44
103224,Value,2023-01-19,2024-01-04,App,North,25-34
103225,Bargain,2023-07-28,2024-01-22,Web,West,25-34
103226,Regular,2023-02-02,2024-12-01,App,North,45-54
103227,Value,2023-01-28,2024-07-28,Web,North,35-44
103228,Regular,2023-02-23,2024-11-11,Web,North,45-54
103229,Regular,2023-01-15,2024-12-19,Web,North,25-34
103230,Regular,2023-01-16,2024-04-22,App,North,35-44
103231,Value,2023-01-08,2023-08-31,App,East,25-34
103232,Regular,2023-01-01,2024-12-06,Web,West,45-54
103233,Value,2023-01-22,2024-12-23,App,East,35-44
103234,Value,2023-03-13,2024-12-23,Web,North,35-44
103235,Value,2023-02-03,2023-12-12,Web,North,45-54
103236,Bargain,2023-02-10,2024-11-24,App,North,25-34
103237,Regular,2023-01-21,2024-11-24,Web,West,35-44
103238,Regular,2023-01-20,2024-12-14,Web,West,18-24
103239,Regular,2023-01-01,2024-12-17,App,South,18-24
103240,Bargain,2023-01-08,2024-11-14,Web,North,25-34
103241,Regular,2023-01-20,2024-12-07,Web,South,18-24
103242,Bargain,2023-03-30,2024-12-24,App,West,55+
103243,Regular,2023-02-27,2024-12-28,App,North,25-34
103244,Value,2023-01-04,2024-10-18,Web,West,35-44
103245,Regular,2023-01-02,2024-04-19,App,East,25-34
103246,Regular,2023-04-11,2024-10-27,Web,North,25-34
103247,Bargain,2023-01-29,2024-07-12,Web,West,25-34
103248,Bargain,2023-03-23,2024-10-21,App,South,25-34
103249,Regular,2023-01-28,2024-10-05,Store,East,25-34
103250,Bargain,2023-03-22,2024-12-03,App,North,35-44
103251,Regular,2023-02-19,2023-12-31,Web,North,35-44
103252,Regular,2023-01-05,2024-11-14,Web,East,35-44
103253,Regular,2023-01-19,2024-12-22,App,West,18-24
103254,Value,2023-01-08,2024-12-26,App,East,45-54
103255,Bargain,2023-02-03,2024-10-06,Web,West,18-24
103256,Value,2023-02-08,2024-12-10,Web,North,25-34
103257,Regular,2023-01-17,2023-12-07,Store,West,18-24
103258,Regular,2023-02-03,2024-12-25,Store,West,25-34
103259,Value,2023-03-03,2024-10-13,App,West,45-54
103260,Value,2023-01-02,2024-11-07,Web,North,25-34
103261,Regular,2023-01-21,2024-08-01,App,West,45-54
103262,Value,2023-01-10,2024-11-01,Web,West,25-34
103263,Regular,2023-03-06,2024-12-20,Web,South,25-34
103264,Regular,2023-06-05,2024-10-29,App,West,18-24
103265,Regular,2023-03-07,2024-12-26,App,East,45-54
103266,Value,2023-04-16,2024-12-25,App,North,25-34
103267,Regular,2023-03-02,2023-11-23,Web,North,25-34
103268,Bargain,2023-07-26,2024-12-10,Web,East,35-44
103269,Value,2023-02-25,2024-05-14,Store,East,45-54
103270,Bargain,2023-03-01,2024-10-29,Web,West,35-44
103271,Regular,2023-02-24,2024-05-08,App,North,55+
103272,Regular,2023-04-12,2024-12-03,App,South,25-34
103273,Regular,2023-01-12,2024-12-07,App,South,35-44
103274,Regular,2023-01-02,2024-01-19,App,North,35-44
103275,Bargain,2023-02-20,2024-12-17,Web,South,18-24
103276,Regular,2023-02-19,2024-12-29,App,North,35-44
103277,Regular,2023-01-22,2024-12-02,Store,West,25-34
103278,Regular,2023-03-20,2024-10-19,App,South,35-44
103279,Value,2023-02-15,2024-12-16,App,East,35-44
103280,Regular,2023-01-02,2024-09-02,App,East,35-44
103281,Value,2023-01-12,2024-12-13,App,East,25-34
103282,Regular,2023-01-03,2024-09-14,App,South,45-54
103283,Value,2023-01-09,2024-12-26,App,North,25-34
103284,Value,2023-01-05,2023-11-19,Web,North,35-44
103285,Regular,2023-01-28,2024-02-11,App,South,55+
103286,Regular,2023-01-22,2024-12-13,Web,South,55+
103287,Regular,2023-01-23,2024-10-16,App,East,25-34
103288,Value,2023-02-17,2023-11-12,App,West,55+
103289,Regular,2023-01-11,2024-05-30,App,West,35-44
103290,Regular,2023-04-21,2024-10-02,App,West,35-44
103291,Regular,2023-01-26,2024-11-28,App,West,35-44
103292,Regular,2023-02-04,2024-12-09,App,West,55+
103293,Regular,2023-03-12,2024-06-27,Web,West,45-54
103294,Regular,2023-03-29,2024-12-31,App,North,45-54
103295,Bargain,2023-05-21,2024-11-08,App,North,35-44
103296,Regular,2023-05-07,2024-10-21,Web,North,25-34
103297,Regular,2023-01-20,2024-03-05,Web,North,18-24
103298,Regular,2023-02-14,2024-02-23,Store,North,35-44
103299,Value,2023-01-19,2024-10-15,App,South,18-24
103300,Bargain,2023-01-11,2024-08-30,Store,South,35-44
103301,Regular,2023-02-06,2024-11-19,Web,East,18-24
103302,Regular,2023-01-09,2024-09-06,Web,West,35-44
103303,Bargain,2023-01-14,2024-09-21,Web,South,35-44
103304,Regular,2023-06-28,2024-10-18,App,North,45-54
103305,Value,2023-02-01,2024-05-30,Web,North,25-34
103306,Value,2023-01-11,2024-12-31,App,East,45-54
103307,Value,2023-01-15,2024-11-07,Store,East,25-34
103308,Regular,2023-03-12,2024-11-23,Web,North,25-34
103309,Value,2023-05-18,2024-12-24,Store,West,18-24
103310,Bargain,2023-03-03,2024-12-31,Store,West,25-34
103311,Bargain,2023-01-10,2024-05-03,App,West,45-54
103312,Regular,2023-04-04,2024-11-02,App,South,18-24
103313,Regular,2023-02-04,2023-10-06,App,North,55+
103314,Regular,2023-01-08,2024-05-11,App,North,25-34
103315,Value,2023-01-07,2024-10-29,Web,North,18-24
103316,Regular,2023-02-02,2024-12-31,App,North,55+
103317,Value,2023-01-16,2024-10-30,Web,South,25-34
103318,Value,2023-01-07,2024-03-24,App,North,18-24
103319,Regular,2023-02-03,2024-12-15,Web,West,35-44
103320,Value,2023-01-09,2024-11-05,Web,East,35-44
103321,Regular,2023-02-20,2024-12-17,App,West,25-34
103322,Regular,2023-01-18,2023-10-13,App,North,55+
103323,Bargain,2023-01-21,2024-10-25,App,East,55+
103324,Regular,2023-01-12,2024-11-01,App,East,18-24
103325,Bargain,2023-01-17,2024-01-01,App,East,25-34
103326,Regular,2023-01-22,2024-10-07,Web,South,55+
103327,Bargain,2023-06-02,2024-12-18,App,North,45-54
103328,Regular,2023-03-26,2024-11-29,Web,South,25-34
103329,Regular,2023-02-19,2024-12-28,Web,East,18-24
103330,Bargain,2023-01-27,2024-07-02,App,East,18-24
103331,Regular,2023-01-05,2024-12-08,Web,West,25-34
103332,Value,2023-01-01,2024-09-12,App,North,25-34
103333,Regular,2023-01-20,2024-12-03,App,North,35-44
103334,Regular,2023-03-21,2024-06-09,Web,East,25-34
103335,Regular,2023-01-19,2024-12-16,App,West,45-54
103336,Regular,2023-01-17,2024-08-01,App,East,25-34
103337,Bargain,2023-03-15,2024-03-08,App,North,25-34
103338,Regular,2023-03-09,2024-10-23,Web,South,25-34
103339,Regular,2023-01-16,2024-11-17,App,North,18-24
103340,Regular,2023-01-16,2024-04-25,Web,South,35-44
103341,Bargain,2023-01-30,2024-11-20,Web,South,35-44
103342,Value,2023-01-04,2024-12-25,Web,West,35-44
103343,Value,2023-01-31,2024-10-31,App,East,25-34
103344,Regular,2023-02-11,2024-12-15,App,East,18-24
103345,Regular,2023-03-17,2024-09-03,Store,South,25-34
103346,Regular,2023-01-25,2024-12-11,App,North,25-34
103347,Regular,2023-02-12,2024-06-26,Store,West,25-34
103348,Regular,2023-02-10,2024-05-07,App,North,18-24
103349,Regular,2023-02-12,2023-07-25,Store,West,25-34
103350,Value,2023-01-12,2024-12-07,App,East,25-34
103351,Value,2023-02-01,2024-12-31,App,South,45-54
103352,Value,2023-01-10,2024-11-26,App,West,35-44
103353,Regular,2023-02-08,2024-02-09,Web,South,25-34
103354,Regular,2023-04-22,2024-12-07,Store,South,45-54
103355,Regular,2023-02-13,2024-11-11,Store,North,35-44
103356,Regular,2023-01-13,2024-09-29,Web,South,18-24
103357,Regular,2023-01-21,2024-01-25,Web,West,25-34
103358,Regular,2023-02-19,2024-10-11,App,East,55+
103359,Regular,2023-04-30,2024-03-05,App,North,18-24
103360,Regular,2023-03-02,2024-11-02,App,West,25-34
103361,Regular,2023-01-05,2024-10-28,Web,West,35-44
103362,Regular,2023-02-13,2024-11-22,App,North,25-34
103363,Regular,2023-02-04,2024-10-09,App,West,25-34
103364,Regular,2023-01-02,2024-11-11,App,West,18-24
103365,Regular,2023-01-04,2024-12-05,App,North,35-44
103366,Regular,2023-02-05,2024-10-07,App,South,18-24
103367,Regular,2023-01-26,2024-12-20,App,South,35-44
103368,Value,2023-01-01,2023-12-01,Store,East,35-44
103369,Regular,2023-01-11,2024-10-09,Web,West,35-44
103370,Bargain,2023-02-06,2024-11-30,App,West,25-34
103371,Value,2023-01-18,2024-12-26,App,South,55+
103372,Bargain,2023-01-15,2024-11-01,App,South,25-34
103373,Value,2023-02-26,2024-12-22,Web,North,25-34
103374,Regular,2023-01-12,2024-12-25,App,North,18-24
103375,Regular,2023-01-07,2024-12-21,Web,North,45-54
103376,Value,2023-01-03,2024-12-17,Web,North,25-34
103377,Bargain,2023-03-12,2024-12-31,App,North,18-24
103378,Regular,2023-01-04,2024-12-18,App,West,25-34
103379,Bargain,2023-01-01,2024-12-14,Web,East,45-54
103380,Regular,2023-01-15,2024-11-16,Store,South,18-24
103381,Bargain,2023-01-24,2024-12-02,Web,West,25-34
103382,Bargain,2023-03-08,2023-11-05,Web,North,18-24
103383,Regular,2023-01-01,2024-07-13,App,North,25-34
103384,Regular,2023-01-15,2023-12-28,App,North,25-34
103385,Regular,2023-01-01,2024-11-09,App,North,35-44
103386,Regular,2023-08-27,2024-08-10,App,North,25-34
103387,Bargain,2023-05-20,2024-11-06,App,West,55+
103388,Regular,2023-01-29,2024-11-27,App,North,35-44
103389,Regular,2023-05-01,2024-10-15,App,West,35-44
103390,Value,2023-01-23,2024-12-30,App,East,18-24
103391,Regular,2023-01-02,2024-12-13,Web,South,25-34
103392,Bargain,2023-01-16,2024-08-17,App,West,35-44
103393,Value,2023-01-02,2024-12-27,Web,North,18-24
103394,Regular,2023-02-08,2024-11-09,Web,North,25-34
103395,Bargain,2023-01-12,2024-11-20,Store,South,35-44
103396,Value,2023-01-19,2024-12-19,App,East,55+
103397,Value,2023-01-07,2024-12-14,Web,West,35-44
103398,Regular,2023-02-16,2024-12-14,Store,North,18-24
103399,Regular,2023-02-23,2024-11-27,Web,West,35-44
103400,Value,2023-01-22,2024-12-24,Web,East,25-34
103401,Bargain,2023-01-09,2024-03-04,Web,West,18-24
103402,Regular,2023-03-04,2024-11-25,Store,West,55+
103403,Bargain,2023-03-08,2024-12-26,App,South,18-24
103404,Bargain,2023-03-15,2024-09-13,Web,East,55+
103405,Bargain,2023-01-04,2024-10-04,Web,East,25-34
103406,Regular,2023-03-13,2024-10-03,Web,North,18-24
103407,Regular,2023-01-10,2024-11-27,App,West,45-54
103408,Regular,2023-01-13,2024-06-10,Web,East,35-44
103409,Value,2023-01-28,2024-12-19,Store,North,55+
103410,Regular,2023-02-07,2024-11-28,App,West,25-34
103411,Value,2023-01-23,2024-11-29,App,South,25-34
103412,Regular,2023-05-10,2024-07-08,Web,South,45-54
103413,Value,2023-01-10,2024-05-14,App,West,35-44
103414,Regular,2023-01-19,2024-06-30,Web,East,18-24
103415,Regular,2023-03-06,2024-12-13,App,South,55+
103416,Regular,2023-01-06,2024-11-04,Web,West,35-44
103417,Regular,2023-03-27,2024-10-17,Web,West,55+
103418,Value,2023-03-10,2024-09-19,Web,North,18-24
103419,Bargain,2023-02-16,2024-03-26,Web,North,25-34
103420,Bargain,2023-01-17,2023-11-22,App,West,35-44
103421,Regular,2023-01-21,2024-10-22,Web,West,18-24
103422,Regular,2023-01-01,2024-12-18,App,North,45-54
103423,Regular,2023-01-15,2024-12-03,App,West,18-24
103424,Value,2023-01-10,2024-12-20,App,North,18-24
103425,Regular,2023-01-31,2024-11-13,Store,North,18-24
103426,Value,2023-01-21,2024-12-09,App,North,25-34
103427,Bargain,2023-05-26,2023-09-20,Store,East,25-34
103428,Bargain,2023-01-08,2024-06-05,App,South,25-34
103429,Bargain,2023-01-17,2024-12-10,Web,East,18-24
103430,Regular,2023-02-22,2024-09-25,App,South,35-44
103431,Regular,2023-01-14,2024-11-01,App,East,25-34
103432,Bargain,2023-03-06,2024-11-11,Web,East,25-34
103433,Regular,2023-01-05,2024-06-02,Web,South,25-34
103434,Value,2023-02-13,2024-12-31,Web,West,25-34
103435,Regular,2023-04-16,2024-12-03,Web,South,55+
103436,Regular,2023-01-20,2024-08-07,Web,South,35-44
103437,Regular,2023-02-09,2024-12-31,Web,North,25-34
103438,Value,2023-03-19,2024-12-23,App,West,25-34
103439,Regular,2023-01-07,2024-12-20,Web,South,25-34
103440,Regular,2023-03-06,2024-10-22,App,West,25-34
103441,Value,2023-01-22,2023-11-23,App,South,45-54
103442,Value,2023-01-10,2023-11-01,App,North,25-34
103443,Regular,2023-01-27,2024-10-29,App,South,25-34
103444,Bargain,2023-03-03,2024-12-05,App,East,45-54
103445,Regular,2023-01-23,2024-06-01,Web,South,25-34
103446,Regular,2023-02-02,2024-12-26,Web,West,55+
103447,Regular,2023-02-11,2024-11-16,Web,South,25-34
103448,Regular,2023-02-05,2024-02-09,App,North,55+
103449,Bargain,2023-01-11,2024-09-18,App,West,25-34
103450,Regular,2023-03-05,2024-12-17,App,South,25-34
103451,Regular,2023-05-22,2023-11-09,Store,West,25-34
103452,Value,2023-02-27,2024-07-25,App,South,25-34
103453,Value,2023-01-09,2024-12-22,App,North,35-44
103454,Bargain,2023-06-07,2024-09-28,App,South,25-34
103455,Regular,2023-01-27,2024-06-11,App,South,25-34
103456,Bargain,2023-02-02,2024-12-18,Web,South,25-34
103457,Bargain,2023-02-25,2024-12-06,App,South,55+
103458,Value,2023-01-29,2024-12-22,App,North,45-54
103459,Regular,2023-01-01,2024-11-03,App,West,25-34
103460,Regular,2023-04-30,2024-12-15,Web,North,35-44
103461,Regular,2023-01-13,2024-12-24,App,West,18-24
103462,Value,2023-02-15,2024-11-01,Web,West,18-24
103463,Regular,2023-01-24,2024-12-24,Store,North,55+
103464,Regular,2023-04-03,2024-12-29,App,West,18-24
103465,Regular,2023-03-20,2024-11-04,Web,West,18-24
103466,Regular,2023-01-27,2024-12-21,App,East,35-44
103467,Regular,2023-02-09,2024-12-26,App,South,25-34
103468,Regular,2023-03-22,2024-12-27,Store,East,25-34
103469,Bargain,2023-02-18,2024-11-22,App,West,18-24
103470,Regular,2023-02-13,2024-10-13,Web,West,35-44
103471,Regular,2023-02-11,2024-11-09,App,South,18-24
103472,Regular,2023-05-08,2024-09-24,Web,East,45-54
103473,Regular,2023-01-23,2024-10-06,App,North,45-54
103474,Regular,2023-01-02,2023-11-13,App,West,25-34
103475,Regular,2023-01-07,2024-10-05,Web,West,25-34
103476,Bargain,2023-01-24,2024-12-29,Web,South,25-34
103477,Bargain,2023-05-12,2024-12-29,App,East,45-54
103478,Bargain,2023-01-02,2024-01-03,Web,East,25-34
103479,Regular,2023-02-04,2024-11-06,App,North,35-44
103480,Regular,2023-02-16,2023-10-19,Store,West,25-34
103481,Regular,2023-02-04,2024-04-06,Store,East,45-54
103482,Bargain,2023-01-03,2024-12-08,App,South,45-54
103483,Regular,2023-01-01,2024-10-13,Web,South,35-44
103484,Regular,2023-01-08,2024-12-30,App,West,55+
103485,Regular,2023-01-05,2024-12-09,App,North,35-44
103486,Regular,2023-01-13,2024-11-03,Store,West,35-44
103487,Regular,2023-01-21,2024-02-06,App,West,18-24
103488,Regular,2023-02-25,2024-12-19,App,South,55+
103489,Regular,2023-01-05,2024-10-20,App,South,25-34
103490,Regular,2023-03-30,2023-11-23,Web,North,25-34
103491,Value,2023-02-01,2024-12-04,Web,North,35-44
103492,Bargain,2023-03-01,2024-10-12,App,West,45-54
103493,Regular,2023-01-12,2024-12-19,Web,East,35-44
103494,Value,2023-02-25,2024-12-15,App,East,18-24
103495,Bargain,2023-05-25,2024-12-24,Web,South,25-34
103496,Regular,2023-02-16,2024-06-19,Web,East,35-44
103497,Regular,2023-03-18,2024-12-30,App,South,25-34
103498,Regular,2023-01-02,2024-12-06,Store,North,25-34
103499,Bargain,2023-01-15,2024-08-13,App,South,25-34
103500,Regular,2023-02-06,2023-08-28,Store,South,35-44
103501,Regular,2023-02-19,2024-12-11,Web,North,25-34
103502,Value,2023-01-11,2023-09-29,Store,West,18-24
103503,Regular,2023-02-19,2024-10-27,App,West,18-24
103504,Regular,2023-04-18,2024-12-22,Web,West,55+
103505,Regular,2023-01-03,2024-07-16,App,West,25-34
103506,Regular,2023-01-21,2024-09-05,App,East,25-34
103507,Bargain,2023-01-19,2024-06-01,Web,South,35-44
103508,Regular,2023-01-21,2024-12-13,Web,West,25-34
103509,Regular,2023-02-15,2024-12-23,App,South,18-24
103510,Bargain,2023-01-18,2024-09-14,Store,East,25-34
103511,Regular,2023-01-24,2024-12-15,App,North,25-34
103512,Bargain,2023-01-20,2024-06-29,App,East,25-34
103513,Bargain,2023-01-08,2024-09-27,App,East,45-54
103514,Bargain,2023-01-04,2024-11-20,Web,East,55+
103515,Regular,2023-01-02,2024-12-19,App,West,25-34
103516,Regular,2023-02-01,2024-12-20,App,South,25-34
103517,Value,2023-01-06,2024-02-02,App,West,45-54
103518,Regular,2023-01-27,2024-08-10,App,East,45-54
103519,Regular,2023-02-13,2024-05-27,Store,South,18-24
103520,Regular,2023-01-11,2024-07-26,Web,West,45-54
103521,Bargain,2023-01-24,2024-12-04,Web,North,25-34
103522,Value,2023-03-11,2024-12-26,Web,South,35-44
103523,Regular,2023-01-27,2024-11-06,App,East,18-24
103524,Regular,2023-05-16,2024-04-07,Web,North,45-54
103525,Regular,2023-01-11,2024-12-12,Web,East,55+
103526,Value,2023-01-07,2024-12-17,Web,East,35-44
103527,Value,2023-01-22,2024-12-18,App,North,35-44
103528,Bargain,2023-06-13,2024-10-13,App,South,25-34
103529,Regular,2023-01-07,2024-09-23,Web,South,18-24
103530,Value,2023-01-12,2024-11-14,App,East,45-54
103531,Value,2023-01-31,2023-11-16,App,East,55+
103532,Regular,2023-03-05,2024-03-22,Web,East,35-44
103533,Value,2023-02-03,2024-11-19,Web,West,18-24
103534,Regular,2023-05-21,2024-12-23,Web,North,35-44
103535,Regular,2023-01-10,2024-08-28,Web,East,25-34
103536,Regular,2023-01-23,2024-08-01,Web,North,35-44
103537,Regular,2023-02-08,2024-12-06,App,North,55+
103538,Value,2023-02-02,2024-06-18,App,East,45-54
103539,Regular,2023-01-29,2024-01-21,Web,West,35-44
103540,Bargain,2023-01-04,2024-08-12,App,East,35-44
103541,Regular,2023-03-05,2024-03-29,App,North,35-44
103542,Bargain,2023-01-22,2023-12-17,App,South,18-24
103543,Regular,2023-01-30,2024-12-11,App,North,25-34
103544,Regular,2023-03-15,2024-04-13,Store,North,55+
103545,Regular,2023-05-13,2024-08-24,App,South,35-44
103546,Regular,2023-01-07,2024-11-22,Store,East,25-34
103547,Bargain,2023-03-02,2024-12-22,Web,South,35-44
103548,Value,2023-01-01,2024-11-29,Web,South,35-44
103549,Bargain,2023-01-08,2024-12-04,Web,West,25-34
103550,Bargain,2023-01-23,2024-11-22,Store,South,45-54
103551,Regular,2023-01-16,2024-10-26,Web,East,35-44
103552,Regular,2023-01-03,2024-12-14,Web,East,35-44
103553,Regular,2023-01-22,2024-12-09,App,West,25-34
103554,Regular,2023-01-19,2024-07-15,App,South,45-54
103555,Regular,2023-03-14,2023-11-15,App,North,25-34
103556,Regular,2023-02-02,2024-12-28,App,South,35-44
103557,Bargain,2023-06-06,2024-11-21,Web,West,25-34
103558,Regular,2023-02-06,2023-10-18,App,West,35-44
103559,Regular,2023-01-11,2024-12-18,App,South,25-34
103560,Regular,2023-04-06,2024-08-06,Web,North,35-44
103561,Regular,2023-02-17,2023-10-07,App,North,25-34
103562,Bargain,2023-03-07,2024-07-31,Web,West,18-24
103563,Value,2023-01-01,2024-05-28,Web,South,25-34
103564,Bargain,2023-01-16,2024-10-23,App,North,25-34
103565,Bargain,2023-03-05,2024-12-21,Web,North,45-54
103566,Bargain,2023-05-09,2024-12-07,App,East,35-44
103567,Regular,2023-03-24,2024-11-20,Web,South,18-24
103568,Bargain,2023-03-13,2024-12-14,Web,South,35-44
103569,Regular,2023-03-06,2024-11-01,App,North,45-54
103570,Regular,2023-04-17,2024-10-06,App,West,45-54
103571,Value,2023-01-01,2024-11-29,Web,East,55+
103572,Regular,2023-02-27,2024-11-21,App,East,35-44
103573,Regular,2023-01-19,2024-12-06,Web,South,18-24
103574,Regular,2023-03-16,2024-11-05,Web,South,25-34
103575,Regular,2023-01-27,2024-12-31,App,North,45-54
103576,Bargain,2023-05-30,2023-11-15,App,West,35-44
103577,Regular,2023-01-18,2024-07-28,Web,North,55+
103578,Regular,2023-01-17,2024-12-18,Store,North,35-44
103579,Value,2023-01-04,2023-12-22,App,West,35-44
103580,Regular,2023-01-28,2024-11-12,App,West,35-44
103581,Regular,2023-01-06,2024-12-18,Web,South,45-54
103582,Regular,2023-04-01,2024-09-13,Web,North,25-34
103583,Regular,2023-05-11,2024-07-08,App,South,25-34
103584,Bargain,2023-01-07,2024-10-15,App,South,45-54
103585,Bargain,2023-03-20,2024-07-12,Store,South,35-44
103586,Regular,2023-03-12,2024-08-11,Web,West,25-34
103587,Regular,2023-01-02,2024-12-10,App,South,25-34
103588,Regular,2023-01-05,2024-12-11,App,South,35-44
103589,Regular,2023-04-01,2024-12-30,Store,West,55+
103590,Bargain,2023-03-05,2024-11-17,Web,South,35-44
103591,Regular,2023-02-12,2024-06-03,App,East,18-24
103592,Bargain,2023-02-18,2024-09-03,App,West,25-34
103593,Value,2023-01-14,2024-12-03,App,North,25-34
103594,Value,2023-02-11,2023-11-19,App,East,25-34
103595,Bargain,2023-01-17,2024-11-01,App,West,25-34
103596,Bargain,2023-03-28,2024-12-28,App,North,35-44
103597,Bargain,2023-02-12,2024-11-29,App,West,35-44
103598,Bargain,2023-02-12,2024-12-24,App,West,55+
103599,Regular,2023-03-19,2024-10-22,App,South,18-24
103600,Regular,2023-02-03,2024-12-28,App,West,55+
103601,Value,2023-01-04,2024-09-04,App,North,18-24
103602,Regular,2023-01-30,2024-08-27,Web,North,25-34
103603,Regular,2023-01-11,2024-10-29,Web,South,25-34
103604,Bargain,2023-03-10,2024-10-21,App,West,55+
103605,Value,2023-01-29,2024-12-26,App,West,25-34
103606,Value,2023-01-05,2024-11-25,App,North,45-54
103607,Regular,2023-06-23,2024-10-28,App,North,25-34
103608,Value,2023-01-10,2024-06-09,App,East,25-34
103609,Regular,2023-03-11,2024-07-29,App,South,25-34
103610,Regular,2023-02-08,2024-02-23,App,North,25-34
103611,Regular,2023-01-13,2024-12-23,App,West,45-54
103612,Regular,2023-02-15,2024-11-21,Web,North,35-44
103613,Bargain,2023-07-19,2024-07-06,App,West,18-24
103614,Regular,2023-01-24,2023-11-01,App,North,55+
103615,Regular,2023-01-09,2024-11-16,App,South,25-34
103616,Regular,2023-04-23,2024-12-06,Store,North,35-44
103617,Value,2023-02-05,2024-12-09,App,East,25-34
103618,Regular,2023-01-01,2024-09-25,Web,West,55+
103619,Bargain,2023-01-21,2024-08-23,App,East,35-44
103620,Regular,2023-03-16,2024-09-05,Store,East,55+
103621,Regular,2023-01-02,2024-12-31,Web,East,35-44
103622,Regular,2023-01-03,2024-10-11,Web,West,18-24
103623,Bargain,2023-03-16,2024-09-27,App,West,25-34
103624,Regular,2023-03-13,2024-08-04,App,East,45-54
103625,Regular,2023-01-06,2024-12-01,App,South,25-34
103626,Bargain,2023-01-02,2023-10-28,App,West,55+
103627,Regular,2023-04-24,2024-12-23,App,East,25-34
103628,Regular,2023-02-08,2024-12-04,Web,West,25-34
103629,Value,2023-01-27,2024-12-29,Web,East,55+
103630,Value,2023-04-22,2024-12-30,App,East,55+
103631,Bargain,2023-01-09,2024-11-27,Web,North,25-34
103632,Regular,2023-04-04,2024-01-31,Web,East,35-44
103633,Regular,2023-03-03,2024-12-18,Web,North,25-34
103634,Regular,2023-01-27,2024-01-09,App,West,35-44
103635,Value,2023-01-23,2024-12-24,Web,West,18-24
103636,Bargain,2023-01-06,2024-11-20,App,West,35-44
103637,Regular,2023-03-12,2024-12-30,Web,West,45-54
103638,Bargain,2023-02-28,2024-12-14,App,West,55+
103639,Regular,2023-03-05,2024-03-24,Web,South,35-44
103640,Regular,2023-01-27,2023-10-08,App,East,18-24
103641,Value,2023-01-20,2024-12-26,App,North,25-34
103642,Bargain,2023-03-22,2023-09-14,Web,West,25-34
103643,Value,2023-01-15,2024-03-02,Web,South,45-54
103644,Value,2023-03-21,2023-12-25,App,West,25-34
103645,Regular,2023-05-14,2024-12-19,App,East,45-54
103646,Regular,2023-02-09,2024-11-27,App,South,45-54
103647,Regular,2023-02-12,2024-07-11,Web,West,18-24
103648,Regular,2023-01-07,2024-11-11,App,West,25-34
103649,Bargain,2023-03-01,2024-12-28,Web,East,18-24
103650,Regular,2023-05-08,2024-08-12,Store,West,35-44
103651,Regular,2023-01-04,2024-11-07,Web,North,18-24
103652,Regular,2023-01-27,2024-12-14,App,East,45-54
103653,Regular,2023-04-09,2024-04-09,App,North,35-44
103654,Regular,2023-01-18,2024-05-28,Web,South,35-44
103655,Value,2023-01-02,2023-12-10,Web,North,45-54
103656,Value,2023-01-27,2024-11-19,Web,North,25-34
103657,Regular,2023-01-09,2024-12-23,Store,East,55+
103658,Bargain,2023-02-12,2024-11-20,App,East,25-34
103659,Value,2023-02-10,2024-12-19,Web,North,18-24
103660,Regular,2023-01-04,2023-11-03,Web,South,25-34
103661,Bargain,2023-02-13,2023-09-28,Web,West,45-54
103662,Bargain,2023-01-13,2024-12-20,Web,West,25-34
103663,Regular,2023-07-03,2024-11-29,App,South,45-54
103664,Regular,2023-06-20,2024-08-23,Web,North,45-54
103665,Regular,2023-01-02,2024-12-02,App,East,35-44
103666,Regular,2023-01-27,2024-12-23,App,South,18-24
103667,Value,2023-01-09,2024-12-14,Web,West,35-44
103668,Regular,2023-02-28,2024-12-25,Store,North,45-54
103669,Regular,2023-01-03,2024-12-24,Web,North,35-44
103670,Regular,2023-01-10,2024-07-07,App,East,55+
103671,Regular,2023-02-09,2024-10-16,Store,North,45-54
103672,Regular,2023-01-08,2024-11-20,Web,West,18-24
103673,Regular,2023-05-07,2024-04-01,App,East,45-54
103674,Regular,2023-01-14,2024-11-14,App,East,18-24
103675,Bargain,2023-05-16,2024-11-07,Web,North,45-54
103676,Regular,2023-01-08,2024-11-29,App,East,18-24
103677,Regular,2023-01-25,2024-11-29,Web,South,55+
103678,Regular,2023-01-10,2024-12-14,Web,South,35-44
103679,Value,2023-01-03,2024-12-20,App,East,25-34
103680,Regular,2023-02-21,2024-03-30,Web,North,45-54
103681,Value,2023-01-14,2024-11-27,Web,East,25-34
103682,Regular,2023-02-17,2024-12-27,App,East,25-34
103683,Regular,2023-02-27,2024-12-27,Web,North,25-34
103684,Value,2023-01-25,2024-11-04,App,West,55+
103685,Value,2023-02-23,2024-07-03,App,West,35-44
103686,Regular,2023-01-12,2024-11-13,Web,South,25-34
103687,Bargain,2023-01-24,2023-11-08,Web,North,55+
103688,Regular,2023-01-03,2024-02-22,App,East,18-24
103689,Regular,2023-02-23,2024-12-02,Web,East,55+
103690,Value,2023-01-24,2024-12-30,Web,South,18-24
103691,Regular,2023-01-05,2024-05-05,App,East,35-44
103692,Value,2023-01-13,2024-10-04,Web,West,25-34
103693,Regular,2023-04-18,2024-09-15,Web,North,35-44
103694,Regular,2023-06-27,2024-11-24,Web,North,18-24
103695,Regular,2023-08-11,2024-10-06,Web,East,35-44
103696,Regular,2023-01-13,2024-01-12,App,South,35-44
103697,Value,2023-01-04,2024-10-28,Web,West,18-24
103698,Value,2023-01-12,2024-03-21,App,North,45-54
103699,Regular,2023-02-11,2023-02-11,App,South,18-24
103700,Bargain,2023-01-03,2024-10-20,App,East,25-34
103701,Regular,2023-01-07,2024-11-30,Store,South,35-44
103702,Regular,2023-02-12,2024-01-29,Web,South,25-34
103703,Regular,2023-01-12,2023-11-28,Web,West,18-24
103704,Value,2023-02-20,2024-12-28,App,West,18-24
103705,Value,2023-01-12,2024-12-11,App,East,25-34
103706,Regular,2023-02-16,2024-07-26,Web,North,25-34
103707,Regular,2023-02-12,2024-11-12,App,East,25-34
103708,Regular,2023-01-31,2023-11-13,Web,North,55+
103709,Regular,2023-01-26,2024-10-28,App,South,35-44
103710,Bargain,2023-03-08,2024-11-14,App,West,25-34
103711,Regular,2023-01-20,2024-01-31,App,North,35-44
103712,Bargain,2023-02-26,2024-08-27,Web,West,35-44
103713,Regular,2023-03-06,2024-11-08,App,North,25-34
103714,Bargain,2023-03-24,2023-08-16,App,East,25-34
103715,Bargain,2023-02-24,2024-06-08,App,West,18-24
103716,Regular,2023-02-23,2024-02-06,App,South,45-54
103717,Bargain,2023-05-25,2023-10-27,App,South,35-44
103718,Bargain,2023-03-17,2024-11-04,App,North,25-34
103719,Regular,2023-03-18,2023-11-08,App,West,35-44
103720,Regular,2023-01-31,2024-12-03,App,East,25-34
103721,Regular,2023-01-06,2024-12-07,Web,North,25-34
103722,Bargain,2023-01-10,2024-12-13,App,West,35-44
103723,Regular,2023-01-08,2024-11-25,Web,North,18-24
103724,Bargain,2023-02-03,2024-12-24,Web,South,18-24
103725,Regular,2023-01-05,2024-12-19,App,West,45-54
103726,Bargain,2023-02-13,2024-11-12,App,West,35-44
103727,Regular,2023-01-25,2024-12-06,Web,West,35-44
103728,Regular,2023-02-22,2024-08-05,App,West,35-44
103729,Regular,2023-01-15,2024-12-30,Web,North,18-24
103730,Bargain,2023-03-01,2024-08-16,App,North,45-54
103731,Bargain,2023-04-16,2024-12-16,App,South,45-54
103732,Regular,2023-01-07,2024-10-15,Store,South,18-24
103733,Regular,2023-01-25,2024-12-30,App,North,25-34
103734,Value,2023-01-13,2024-10-31,Web,West,25-34
103735,Bargain,2023-02-15,2024-07-04,App,East,25-34
103736,Regular,2023-01-12,2024-11-30,Web,East,18-24
103737,Regular,2023-06-27,2023-12-05,Web,South,25-34
103738,Regular,2023-02-02,2024-12-22,Web,East,25-34
103739,Regular,2023-02-22,2024-12-01,Web,East,25-34
103740,Regular,2023-01-04,2024-10-06,App,West,18-24
103741,Value,2023-01-07,2024-12-10,Web,North,35-44
103742,Bargain,2023-03-15,2024-01-10,App,North,18-24
103743,Regular,2023-06-10,2024-08-21,Store,West,25-34
103744,Value,2023-01-01,2024-12-20,App,West,18-24
103745,Regular,2023-02-11,2024-12-14,App,East,18-24
103746,Regular,2023-02-10,2024-10-20,App,North,25-34
103747,Bargain,2023-09-02,2024-12-25,App,South,25-34
103748,Regular,2023-01-27,2024-12-07,Web,East,55+
103749,Regular,2023-02-25,2024-09-03,Store,East,55+
103750,Value,2023-01-04,2024-12-18,Web,South,35-44
103751,Regular,2023-01-06,2024-09-23,Web,West,25-34
103752,Regular,2023-04-19,2024-12-20,Web,South,45-54
103753,Regular,2023-02-11,2024-12-06,Web,East,25-34
103754,Regular,2023-01-15,2023-12-05,App,North,35-44
103755,Regular,2023-03-26,2023-08-25,Store,North,45-54
103756,Regular,2023-01-31,2024-01-01,App,East,35-44
103757,Regular,2023-03-02,2023-08-27,Web,West,45-54
103758,Bargain,2023-03-24,2024-11-24,Store,West,25-34
103759,Value,2023-02-07,2024-05-18,Web,North,45-54
103760,Bargain,2023-01-29,2024-11-28,App,South,35-44
103761,Regular,2023-01-18,2024-06-26,App,North,35-44
103762,Value,2023-01-15,2024-09-30,App,East,35-44
103763,Regular,2023-01-04,2024-12-02,App,West,25-34
103764,Value,2023-01-02,2024-11-08,App,North,55+
103765,Regular,2023-01-03,2024-11-27,Store,North,18-24
103766,Regular,2023-08-14,2024-12-26,App,South,18-24
103767,Regular,2023-02-12,2024-08-01,Web,South,45-54
103768,Regular,2023-01-07,2024-12-09,App,North,18-24
103769,Regular,2023-01-19,2023-11-18,Web,South,18-24
103770,Bargain,2023-03-02,2024-11-02,App,North,35-44
103771,Bargain,2023-01-06,2024-09-03,Web,East,35-44
103772,Regular,2023-03-15,2024-11-23,Web,East,55+
103773,Bargain,2023-01-06,2024-12-31,Web,East,25-34
103774,Regular,2023-01-31,2024-12-12,Web,East,55+
103775,Regular,2023-01-09,2023-12-02,Web,East,25-34
103776,Regular,2023-01-03,2024-12-29,App,West,45-54
103777,Value,2023-01-14,2024-11-11,App,North,25-34
103778,Regular,2023-02-03,2024-12-02,Web,East,45-54
103779,Bargain,2023-03-28,2023-09-16,Web,South,45-54
103780,Value,2023-02-21,2024-12-22,Web,West,18-24
103781,Bargain,2023-01-26,2024-05-15,Web,South,18-24
103782,Bargain,2023-03-11,2024-12-22,App,West,25-34
103783,Regular,2023-06-06,2023-12-03,Web,East,55+
103784,Regular,2023-01-15,2024-12-14,App,North,55+
103785,Bargain,2023-01-18,2024-06-13,App,North,25-34
103786,Bargain,2023-07-24,2024-11-30,Web,West,35-44
103787,Value,2023-01-09,2024-11-18,Store,East,35-44
103788,Regular,2023-02-19,2024-12-09,App,West,25-34
103789,Regular,2023-02-10,2024-12-21,App,North,35-44
103790,Regular,2023-01-18,2024-11-11,App,North,35-44
103791,Regular,2023-01-23,2024-11-29,App,South,45-54
103792,Value,2023-01-31,2024-03-15,Web,South,35-44
103793,Value,2023-01-08,2024-10-07,App,West,25-34
103794,Regular,2023-03-09,2024-11-29,App,West,55+
103795,Regular,2023-01-11,2024-06-07,Web,North,18-24
103796,Regular,2023-01-24,2024-10-29,App,West,18-24
103797,Regular,2023-02-09,2024-12-14,App,West,35-44
103798,Regular,2023-01-01,2024-10-03,App,East,25-34
103799,Regular,2023-01-06,2024-12-09,Store,North,18-24
103800,Value,2023-01-21,2024-05-27,App,South,45-54
103801,Regular,2023-01-06,2023-11-20,App,East,35-44
103802,Regular,2023-01-18,2024-07-20,App,South,35-44
103803,Value,2023-01-07,2024-04-13,App,West,18-24
103804,Value,2023-02-04,2024-11-21,App,East,25-34
103805,Value,2023-01-31,2024-11-07,App,North,25-34
103806,Regular,2023-04-19,2024-02-26,App,North,35-44
103807,Regular,2023-02-02,2024-12-23,App,East,35-44
103808,Bargain,2023-01-14,2024-11-15,App,East,25-34
103809,Regular,2023-01-07,2024-10-23,App,West,35-44
103810,Regular,2023-01-15,2024-12-30,App,West,35-44
103811,Value,2023-02-03,2024-12-26,Web,East,18-24
103812,Regular,2023-01-06,2024-12-20,Web,South,35-44
103813,Value,2023-01-01,2024-12-24,App,North,18-24
103814,Regular,2023-01-08,2024-12-25,App,North,45-54
103815,Regular,2023-01-10,2024-08-24,App,South,45-54
103816,Regular,2023-04-20,2024-12-15,App,West,35-44
103817,Regular,2023-01-12,2024-11-03,App,East,25-34
103818,Regular,2023-01-06,2024-12-24,App,West,35-44
103819,Bargain,2023-02-20,2024-12-18,Web,East,25-34
103820,Regular,2023-01-10,2024-12-22,Web,South,25-34
103821,Regular,2023-03-04,2024-12-09,Web,South,35-44
103822,Regular,2023-01-22,2024-12-11,App,South,25-34
103823,Value,2023-01-10,2024-12-19,Web,North,45-54
103824,Regular,2023-01-23,2024-10-18,App,East,25-34
103825,Regular,2023-01-31,2024-12-19,Web,West,18-24
103826,Regular,2023-02-11,2024-12-12,App,South,35-44
103827,Regular,2023-01-09,2024-07-23,App,East,45-54
103828,Bargain,2023-01-11,2023-10-21,Store,South,35-44
103829,Regular,2023-01-16,2024-12-05,Web,West,35-44
103830,Regular,2023-02-11,2024-08-26,App,South,18-24
103831,Regular,2023-03-04,2024-12-26,App,North,55+
103832,Regular,2023-01-13,2024-05-03,App,West,25-34
103833,Regular,2023-02-26,2024-11-05,Web,South,25-34
103834,Regular,2023-01-05,2024-12-16,Web,East,35-44
103835,Regular,2023-02-28,2024-07-10,Web,North,18-24
103836,Regular,2023-03-20,2024-12-09,App,North,25-34
103837,Value,2023-02-15,2024-12-30,Web,East,35-44
103838,Regular,2023-02-10,2024-01-19,App,East,18-24
103839,Regular,2023-02-01,2024-11-29,App,East,35-44
103840,Regular,2023-05-23,2024-03-23,App,East,55+
103841,Regular,2023-01-01,2024-07-09,App,South,35-44
103842,Regular,2023-02-11,2024-09-24,App,South,18-24
103843,Regular,2023-01-15,2024-11-05,App,West,35-44
103844,Bargain,2023-01-01,2024-10-16,App,West,18-24
103845,Regular,2023-02-23,2024-12-27,App,West,18-24
103846,Regular,2023-01-06,2024-12-24,Web,East,18-24
103847,Regular,2023-01-04,2024-11-29,App,West,25-34
103848,Regular,2023-01-24,2024-12-31,Web,East,55+
103849,Regular,2023-02-12,2024-12-01,Web,South,25-34
103850,Regular,2023-01-29,2024-12-20,App,North,25-34
103851,Regular,2023-04-17,2024-03-09,App,West,35-44
103852,Regular,2023-02-03,2024-06-14,Web,North,25-34
103853,Regular,2023-03-14,2024-11-02,Web,West,45-54
103854,Regular,2023-01-18,2024-09-22,App,West,35-44
103855,Regular,2023-02-20,2024-08-11,App,East,25-34
103856,Bargain,2023-09-18,2024-12-03,Web,East,35-44
103857,Regular,2023-02-03,2024-10-14,Web,North,18-24
103858,Regular,2023-01-05,2023-10-26,Store,South,45-54
103859,Value,2023-01-11,2024-08-10,Web,East,25-34
103860,Regular,2023-01-03,2023-11-22,Web,South,55+
103861,Value,2023-01-21,2024-12-22,App,West,35-44
103862,Regular,2023-02-13,2024-12-02,Store,North,35-44
103863,Regular,2023-02-02,2024-09-15,App,West,25-34
103864,Bargain,2023-04-08,2024-06-15,App,East,35-44
103865,Regular,2023-01-30,2024-10-02,Web,West,45-54
103866,Regular,2023-01-27,2024-01-11,Store,East,55+
103867,Regular,2023-04-20,2024-09-28,Web,South,55+
103868,Regular,2023-01-19,2024-11-17,App,South,18-24
103869,Regular,2023-02-18,2024-11-21,App,North,18-24
103870,Regular,2023-02-02,2024-11-20,App,West,18-24
103871,Regular,2023-02-12,2024-06-20,Web,North,18-24
103872,Value,2023-01-19,2023-12-31,Store,South,55+
103873,Value,2023-04-18,2024-10-25,App,East,55+
103874,Bargain,2023-04-13,2024-09-21,App,East,35-44
103875,Regular,2023-04-07,2024-11-05,Web,East,25-34
103876,Value,2023-02-14,2024-12-20,App,West,35-44
103877,Bargain,2023-02-16,2024-12-21,Web,East,18-24
103878,Value,2023-01-14,2024-09-02,Web,South,35-44
103879,Regular,2023-03-04,2024-12-28,Web,West,55+
103880,Regular,2023-02-07,2024-12-07,Store,West,45-54
103881,Bargain,2023-02-14,2024-07-04,App,North,55+
103882,Regular,2023-03-27,2024-12-10,Web,West,45-54
103883,Regular,2023-07-22,2024-04-05,Web,North,35-44
103884,Bargain,2023-04-19,2024-12-22,Web,East,25-34
103885,Value,2023-01-08,2024-01-16,Web,South,18-24
103886,Bargain,2023-04-27,2024-04-07,Web,South,35-44
103887,Bargain,2023-03-11,2024-10-20,Web,South,25-34
103888,Bargain,2023-03-18,2024-09-15,Store,South,18-24
103889,Regular,2023-01-05,2023-12-15,Web,East,25-34
103890,Value,2023-05-09,2024-12-30,App,East,35-44
103891,Regular,2023-01-20,2024-10-01,Web,North,45-54
103892,Regular,2023-01-14,2024-12-18,App,East,25-34
103893,Regular,2023-02-09,2023-11-18,App,South,25-34
103894,Bargain,2023-01-14,2024-11-27,Web,East,18-24
103895,Regular,2023-04-19,2024-04-23,App,South,55+
103896,Regular,2023-01-08,2024-05-25,Store,East,35-44
103897,Regular,2023-04-07,2024-05-16,App,South,55+
103898,Value,2023-01-19,2024-04-21,Web,West,45-54
103899,Value,2023-01-03,2024-04-12,App,West,25-34
103900,Value,2023-01-18,2024-08-20,Web,East,35-44
103901,Bargain,2023-01-25,2024-11-23,App,South,25-34
103902,Regular,2023-06-12,2024-09-28,Web,South,45-54
103903,Regular,2023-02-06,2024-04-03,Web,West,25-34
103904,Regular,2023-01-05,2024-12-29,App,South,18-24
103905,Regular,2023-02-08,2023-10-25,App,East,35-44
103906,Bargain,2023-02-14,2024-07-24,Store,South,25-34
103907,Bargain,2023-03-03,2024-11-12,App,North,35-44
103908,Regular,2023-01-12,2024-12-09,Web,East,35-44
103909,Bargain,2023-02-02,2024-10-19,Web,North,25-34
103910,Regular,2023-01-06,2024-12-14,App,North,55+
103911,Regular,2023-04-18,2024-12-27,Store,West,45-54
103912,Bargain,2023-07-10,2024-11-15,Web,West,45-54
103913,Regular,2023-01-16,2024-08-29,App,North,18-24
103914,Regular,2023-02-14,2024-12-22,App,North,18-24
103915,Regular,2023-01-17,2023-07-08,Web,North,25-34
103916,Regular,2023-01-16,2024-10-20,App,West,35-44
103917,Regular,2023-01-09,2024-02-21,App,West,18-24
103918,Regular,2023-01-07,2024-11-18,App,West,18-24
103919,Regular,2023-02-14,2024-08-19,App,West,45-54
103920,Regular,2023-01-04,2024-11-18,Store,East,25-34
103921,Bargain,2023-04-25,2024-12-15,App,North,55+
103922,Regular,2023-01-03,2024-03-06,App,West,25-34
103923,Bargain,2023-01-12,2023-12-30,App,South,35-44
103924,Regular,2023-01-18,2024-12-24,Web,West,25-34
103925,Regular,2023-02-17,2024-12-23,App,South,55+
103926,Regular,2023-03-05,2024-11-23,Web,South,25-34
103927,Bargain,2023-02-18,2024-12-03,App,South,25-34
103928,Value,2023-01-17,2024-12-26,App,East,45-54
103929,Bargain,2023-01-21,2024-12-12,Web,South,25-34
103930,Regular,2023-04-03,2024-11-10,App,East,25-34
103931,Regular,2023-02-02,2023-10-03,Web,West,55+
103932,Regular,2023-02-22,2024-11-05,Web,South,45-54
103933,Value,2023-01-31,2024-12-24,App,West,18-24
103934,Regular,2023-03-01,2024-09-16,Web,South,25-34
103935,Regular,2023-01-02,2024-12-30,Web,North,45-54
103936,Regular,2023-01-18,2024-11-05,Web,East,25-34
103937,Regular,2023-01-21,2024-06-01,Store,East,35-44
103938,Regular,2023-01-08,2024-12-15,Web,East,25-34
103939,Value,2023-01-08,2024-12-29,Web,West,25-34
103940,Value,2023-02-21,2024-07-11,Web,South,35-44
103941,Value,2023-02-05,2024-09-16,App,West,18-24
103942,Value,2023-01-16,2024-08-19,Web,West,25-34
103943,Regular,2023-01-07,2024-12-08,Store,West,55+
103944,Value,2023-01-07,2024-12-30,Web,West,25-34
103945,Bargain,2023-01-07,2024-11-20,App,South,25-34
103946,Regular,2023-02-01,2023-10-14,App,North,35-44
103947,Value,2023-01-28,2024-11-03,App,West,25-34
103948,Bargain,2023-01-12,2024-11-22,Web,West,25-34
103949,Regular,2023-04-11,2023-11-08,App,West,25-34
103950,Regular,2023-01-03,2024-11-10,Web,North,25-34
103951,Bargain,2023-01-10,2024-11-30,Store,East,55+
103952,Bargain,2023-01-13,2023-07-13,App,West,35-44
103953,Regular,2023-01-23,2024-10-12,Web,South,35-44
103954,Value,2023-01-02,2024-12-18,Web,East,25-34
103955,Regular,2023-01-05,2024-11-13,Web,East,55+
103956,Bargain,2023-01-04,2024-10-05,App,North,45-54
103957,Bargain,2023-03-27,2024-07-14,App,South,35-44
103958,Value,2023-01-06,2024-06-20,App,East,18-24
103959,Regular,2023-04-27,2024-07-15,App,South,18-24
103960,Regular,2023-03-15,2024-07-02,Web,West,45-54
103961,Value,2023-01-02,2024-12-27,App,South,45-54
103962,Regular,2023-01-29,2024-12-30,App,East,35-44
103963,Regular,2023-02-07,2024-11-25,Store,East,35-44
103964,Regular,2023-01-29,2024-09-28,Web,West,35-44
103965,Value,2023-01-18,2024-03-15,Store,North,18-24
103966,Regular,2023-01-13,2024-12-19,Web,North,25-34
103967,Value,2023-04-02,2023-11-23,App,South,55+
103968,Regular,2023-05-19,2024-12-08,App,South,45-54
103969,Value,2023-01-10,2024-12-29,App,North,35-44
103970,Bargain,2023-03-01,2024-12-08,Web,East,25-34
103971,Value,2023-01-14,2024-12-14,Web,East,35-44
103972,Regular,2023-02-22,2024-11-28,App,South,35-44
103973,Value,2023-01-12,2023-11-12,Web,North,25-34
103974,Value,2023-01-20,2024-05-19,Web,East,25-34
103975,Regular,2023-01-21,2023-10-21,Web,West,25-34
103976,Value,2023-03-14,2024-06-22,App,South,25-34
103977,Value,2023-03-31,2024-11-01,App,East,25-34
103978,Regular,2023-01-18,2024-12-18,Web,North,18-24
103979,Regular,2023-01-29,2024-12-27,Web,North,25-34
103980,Value,2023-01-14,2024-12-17,App,North,45-54
103981,Regular,2023-01-13,2024-12-04,App,North,45-54
103982,Regular,2023-01-09,2024-09-30,Store,South,45-54
103983,Regular,2023-01-10,2024-12-27,App,South,25-34
103984,Regular,2023-02-15,2024-12-13,App,North,35-44
103985,Value,2023-01-19,2024-12-10,Web,South,25-34
103986,Regular,2023-05-27,2024-08-07,Store,West,45-54
103987,Regular,2023-01-02,2024-12-27,App,West,25-34
103988,Bargain,2023-02-09,2023-10-26,Web,North,45-54
103989,Bargain,2023-03-21,2024-11-12,Web,North,35-44
103990,Bargain,2023-04-22,2024-12-03,Store,West,45-54
103991,Regular,2023-01-22,2024-07-17,Web,West,25-34
103992,Value,2023-01-31,2024-06-01,Store,North,25-34
103993,Regular,2023-02-26,2024-12-12,App,North,55+
103994,Regular,2023-01-06,2024-08-24,Web,West,35-44
103995,Value,2023-01-17,2024-11-22,Web,South,35-44
103996,Value,2023-01-15,2024-12-28,App,West,35-44
103997,Regular,2023-01-25,2024-10-16,Web,South,35-44
103998,Regular,2023-03-01,2024-12-13,App,South,18-24
103999,Value,2023-01-13,2024-12-04,App,South,18-24
104000,Regular,2023-04-27,2024-12-02,App,North,35-44
104001,Regular,2023-01-28,2024-05-03,App,West,45-54
104002,Bargain,2023-01-07,2024-11-17,App,South,35-44
104003,Regular,2023-02-10,2024-03-15,App,West,25-34
104004,Regular,2023-01-20,2024-10-20,App,South,25-34
104005,Value,2023-02-13,2024-12-06,App,West,45-54
104006,Regular,2023-01-27,2024-01-02,App,South,18-24
104007,Value,2023-01-04,2024-12-26,App,North,55+
104008,Value,2023-01-03,2024-11-29,App,South,25-34
104009,Regular,2023-01-20,2024-01-02,Web,West,45-54
104010,Regular,2023-02-14,2024-10-06,App,West,35-44
104011,Value,2023-03-27,2024-10-23,App,East,55+
104012,Bargain,2023-02-16,2024-12-25,Web,West,25-34
104013,Value,2023-03-12,2023-12-30,Web,East,35-44
104014,Regular,2023-03-27,2024-09-27,App,East,35-44
104015,Regular,2023-01-31,2024-12-29,App,North,35-44
104016,Regular,2023-02-14,2024-11-22,Web,West,45-54
104017,Regular,2023-04-01,2024-12-06,Web,South,45-54
104018,Value,2023-01-02,2024-11-26,App,East,45-54
104019,Regular,2023-02-20,2024-12-13,App,South,18-24
104020,Regular,2023-02-14,2024-07-04,Web,North,35-44
104021,Value,2023-01-08,2024-12-31,App,West,35-44
104022,Regular,2023-02-16,2024-06-29,App,East,25-34
104023,Bargain,2023-03-01,2024-11-27,App,West,45-54
104024,Regular,2023-01-01,2024-09-29,App,North,55+
104025,Bargain,2023-02-08,2024-07-13,App,West,18-24
104026,Regular,2023-03-19,2024-12-22,Web,East,25-34
104027,Regular,2023-01-01,2024-12-17,Web,North,45-54
104028,Regular,2023-05-28,2024-03-01,App,South,35-44
104029,Bargain,2023-02-02,2024-04-05,App,North,35-44
104030,Regular,2023-02-25,2024-04-07,App,North,35-44
104031,Regular,2023-07-29,2024-11-23,App,South,25-34
104032,Regular,2023-04-08,2024-11-15,App,South,55+
104033,Regular,2023-01-04,2024-12-23,Web,East,25-34
104034,Value,2023-01-06,2024-12-13,Web,North,35-44
104035,Regular,2023-02-01,2024-08-09,Web,South,55+
104036,Regular,2023-04-21,2024-12-23,App,South,55+
104037,Bargain,2023-07-25,2024-12-28,Store,West,35-44
104038,Regular,2023-01-28,2024-11-25,App,West,35-44
104039,Bargain,2023-01-17,2023-09-06,Web,North,55+
104040,Regular,2023-02-25,2024-08-08,Web,North,55+
104041,Regular,2023-01-31,2023-11-20,Web,West,55+
104042,Value,2023-01-02,2024-12-30,App,West,35-44
104043,Bargain,2023-04-24,2024-11-14,Web,West,25-34
104044,Regular,2023-01-18,2024-07-08,Web,East,35-44
104045,Regular,2023-03-10,2023-12-28,Web,South,25-34
104046,Regular,2023-01-05,2024-08-25,Store,West,25-34
104047,Regular,2023-03-04,2024-12-07,App,East,35-44
104048,Regular,2023-01-03,2024-12-07,Web,North,25-34
104049,Regular,2023-01-24,2024-12-30,App,North,18-24
104050,Bargain,2023-01-05,2024-04-10,Store,North,18-24
104051,Regular,2023-04-08,2024-06-10,App,South,25-34
104052,Regular,2023-02-11,2024-11-11,App,East,35-44
104053,Regular,2023-01-05,2024-12-06,Web,South,25-34
104054,Bargain,2023-09-10,2024-12-30,Web,South,18-24
104055,Bargain,2023-03-04,2024-12-16,App,South,25-34
104056,Regular,2023-03-02,2024-06-23,Web,East,25-34
104057,Bargain,2023-01-17,2024-11-09,Web,South,25-34
104058,Regular,2023-01-29,2024-11-19,App,South,55+
104059,Bargain,2023-01-22,2024-12-28,App,West,18-24
104060,Bargain,2023-08-03,2024-10-09,App,West,18-24
104061,Regular,2023-01-28,2024-12-20,App,South,25-34
104062,Value,2023-01-08,2024-12-31,App,West,45-54
104063,Regular,2023-03-04,2024-12-17,Web,East,18-24
104064,Value,2023-01-11,2024-04-10,Web,West,25-34
104065,Regular,2023-02-01,2024-12-18,Web,South,18-24
104066,Regular,2023-01-13,2024-10-26,Web,East,35-44
104067,Regular,2023-01-20,2024-12-06,Store,East,25-34
104068,Bargain,2023-04-02,2024-12-26,Web,West,25-34
104069,Value,2023-01-16,2024-01-12,App,West,35-44
104070,Regular,2023-01-10,2024-08-13,App,South,25-34
104071,Regular,2023-03-14,2024-10-10,Web,West,18-24
104072,Regular,2023-01-23,2024-12-16,App,East,35-44
104073,Value,2023-01-21,2024-12-24,App,East,25-34
104074,Value,2023-01-27,2024-11-28,Web,West,45-54
104075,Regular,2023-01-22,2024-06-03,Web,South,25-34
104076,Regular,2023-01-03,2024-12-31,Store,South,45-54
104077,Regular,2023-02-03,2024-12-25,Web,North,35-44
104078,Value,2023-03-14,2024-12-07,App,East,45-54
104079,Regular,2023-04-01,2024-06-04,App,North,25-34
104080,Regular,2023-01-14,2024-10-26,App,East,55+
104081,Regular,2023-03-20,2024-12-13,App,West,35-44
104082,Regular,2023-03-06,2024-06-25,Web,North,35-44
104083,Regular,2023-01-17,2024-09-22,App,West,45-54
104084,Regular,2023-04-17,2023-12-29,App,South,35-44
104085,Bargain,2023-05-16,2024-11-25,Web,South,25-34
104086,Regular,2023-02-06,2024-02-10,Web,West,55+
104087,Regular,2023-01-20,2024-12-28,Web,West,18-24
104088,Value,2023-01-26,2024-12-22,Web,East,35-44
104089,Value,2023-01-14,2024-12-14,App,West,25-34
104090,Value,2023-01-08,2024-12-25,Web,South,35-44
104091,Regular,2023-01-01,2024-11-08,Web,North,18-24
104092,Bargain,2023-01-11,2024-04-19,Web,South,35-44
104093,Value,2023-01-24,2024-03-15,Web,South,35-44
104094,Regular,2023-01-30,2024-06-27,App,South,18-24
104095,Regular,2023-06-13,2024-11-07,App,North,25-34
104096,Regular,2023-02-07,2024-10-25,Store,West,18-24
104097,Regular,2023-01-02,2024-09-28,App,East,18-24
104098,Regular,2023-01-21,2024-10-13,Web,South,18-24
104099,Bargain,2023-01-02,2024-12-19,Web,South,18-24
104100,Regular,2023-01-21,2024-02-16,App,North,35-44
104101,Regular,2023-01-02,2024-11-28,App,North,18-24
104102,Regular,2023-02-07,2024-09-26,Web,West,18-24
104103,Regular,2023-01-17,2024-12-16,Store,North,25-34
104104,Bargain,2023-02-20,2024-11-25,App,North,25-34
104105,Value,2023-02-08,2024-12-13,Store,East,25-34
104106,Regular,2023-01-20,2024-01-10,Web,West,25-34
104107,Regular,2023-03-21,2024-08-06,Web,West,55+
104108,Bargain,2023-03-06,2024-10-05,Web,West,35-44
104109,Regular,2023-02-09,2024-12-26,Web,West,25-34
104110,Regular,2023-01-15,2024-12-02,Web,South,25-34
104111,Bargain,2023-01-08,2024-07-12,App,West,18-24
104112,Regular,2023-01-01,2024-12-22,Web,East,25-34
104113,Regular,2023-01-19,2024-11-16,App,West,55+
104114,Regular,2023-04-06,2024-10-23,App,West,25-34
104115,Regular,2023-02-04,2024-09-21,App,South,45-54
104116,Regular,2023-07-02,2024-10-24,Web,West,25-34
104117,Bargain,2023-01-09,2024-09-08,App,East,18-24
104118,Regular,2023-03-12,2024-12-15,Web,North,25-34
104119,Regular,2023-01-11,2024-11-17,Web,East,45-54
104120,Bargain,2023-04-16,2024-11-10,Web,South,45-54
104121,Regular,2023-04-23,2024-10-21,App,North,25-34
104122,Bargain,2023-01-11,2024-11-01,App,West,35-44
104123,Regular,2023-03-19,2024-08-08,App,South,35-44
104124,Bargain,2023-03-26,2024-12-23,Web,North,25-34
104125,Value,2023-01-08,2024-11-22,Web,East,18-24
104126,Regular,2023-01-06,2024-03-12,App,East,18-24
104127,Regular,2023-04-21,2024-12-08,App,North,25-34
104128,Regular,2023-04-11,2023-10-24,Web,West,35-44
104129,Bargain,2023-03-15,2024-12-02,App,North,25-34
104130,Regular,2023-01-02,2023-12-17,Web,West,18-24
104131,Regular,2023-01-09,2024-12-22,Store,South,18-24
104132,Regular,2023-05-09,2024-11-28,App,West,18-24
104133,Regular,2023-01-01,2024-11-19,Web,North,35-44
104134,Regular,2023-01-29,2024-05-29,Store,West,45-54
104135,Value,2023-01-22,2024-12-11,Web,North,25-34
104136,Regular,2023-02-01,2024-12-09,App,East,35-44
104137,Bargain,2023-03-13,2024-06-18,App,North,45-54
104138,Regular,2023-01-10,2024-10-15,Web,West,25-34
104139,Regular,2023-01-13,2024-07-18,App,South,25-34
104140,Regular,2023-03-12,2024-12-17,Store,West,35-44
104141,Regular,2023-02-27,2024-12-15,App,South,45-54
104142,Value,2023-01-17,2024-08-19,Web,East,35-44
104143,Regular,2023-01-19,2024-12-28,Web,West,25-34
104144,Regular,2023-03-23,2024-05-26,Web,West,25-34
104145,Regular,2023-02-06,2024-11-27,Web,East,25-34
104146,Value,2023-01-04,2024-10-17,Web,West,45-54
104147,Regular,2023-01-22,2024-12-23,Web,West,25-34
104148,Regular,2023-01-18,2024-12-23,App,North,35-44
104149,Regular,2023-01-13,2024-05-31,App,East,55+
104150,Regular,2023-02-19,2024-10-04,App,North,18-24
104151,Regular,2023-01-27,2024-12-31,App,East,25-34
104152,Regular,2023-01-07,2024-11-11,App,East,25-34
104153,Regular,2023-01-16,2024-12-23,App,West,25-34
104154,Regular,2023-02-14,2024-11-22,App,South,35-44
104155,Value,2023-01-03,2024-12-27,App,East,25-34
104156,Bargain,2023-03-13,2024-08-05,App,North,18-24
104157,Value,2023-01-28,2023-11-21,App,West,35-44
104158,Regular,2023-02-21,2024-03-25,App,West,25-34
104159,Regular,2023-02-06,2024-10-27,Store,East,55+
104160,Regular,2023-02-20,2024-05-16,Web,West,25-34
104161,Regular,2023-02-21,2024-12-11,App,West,35-44
104162,Bargain,2023-08-16,2024-12-04,Web,West,18-24
104163,Regular,2023-02-25,2024-09-11,Web,North,25-34
104164,Regular,2023-02-17,2024-09-23,App,West,25-34
104165,Regular,2023-03-24,2024-10-27,Store,West,35-44
104166,Value,2023-03-28,2024-12-28,App,North,35-44
104167,Regular,2023-01-25,2023-11-21,Store,East,25-34
104168,Regular,2023-01-01,2024-10-05,Store,South,35-44
104169,Regular,2023-01-24,2024-10-26,App,East,25-34
104170,Bargain,2023-02-10,2023-08-19,App,South,45-54
104171,Regular,2023-07-05,2024-12-26,App,East,35-44
104172,Bargain,2023-01-10,2023-06-16,Web,East,25-34
104173,Regular,2023-01-01,2024-06-17,Store,West,25-34
104174,Regular,2023-01-11,2024-12-19,Web,West,25-34
104175,Regular,2023-02-14,2024-12-18,Web,West,25-34
104176,Regular,2023-01-04,2024-12-03,App,East,25-34
104177,Bargain,2023-03-24,2024-12-13,App,West,25-34
104178,Regular,2023-01-30,2024-12-03,App,South,25-34
104179,Bargain,2023-03-01,2024-05-02,Store,West,18-24
104180,Regular,2023-01-08,2024-10-07,App,East,55+
104181,Value,2023-01-03,2024-05-20,Web,East,55+
104182,Regular,2023-05-10,2024-12-26,App,South,18-24
104183,Regular,2023-05-31,2024-10-22,App,West,18-24
104184,Bargain,2023-01-25,2024-11-13,App,East,45-54
104185,Bargain,2023-02-05,2024-12-14,App,North,18-24
104186,Value,2023-01-16,2024-12-14,App,East,45-54
104187,Value,2023-01-01,2024-11-04,App,South,25-34
104188,Value,2023-02-09,2024-12-31,Store,South,45-54
104189,Regular,2023-03-05,2024-11-24,App,South,45-54
104190,Value,2023-01-01,2024-12-31,App,West,25-34
104191,Regular,2023-05-28,2023-12-30,App,East,55+
104192,Regular,2023-01-05,2024-11-27,App,South,55+
104193,Bargain,2023-07-25,2023-09-15,App,East,18-24
104194,Regular,2023-02-21,2024-11-18,App,East,18-24
104195,Regular,2023-05-16,2023-12-08,App,East,25-34
104196,Value,2023-01-15,2024-11-22,Web,North,35-44
104197,Bargain,2023-03-29,2024-09-22,App,West,55+
104198,Value,2023-01-21,2024-05-02,App,North,35-44
104199,Value,2023-01-01,2024-12-25,Store,South,35-44
104200,Regular,2023-01-26,2024-06-26,App,West,25-34
104201,Bargain,2023-01-06,2024-05-22,App,North,25-34
104202,Value,2023-01-19,2024-11-27,App,West,35-44
104203,Regular,2023-03-02,2024-12-01,App,East,55+
104204,Regular,2023-01-16,2024-09-15,Web,East,35-44
104205,Regular,2023-02-14,2024-09-09,App,East,55+
104206,Value,2023-02-21,2024-12-28,App,North,45-54
104207,Value,2023-02-19,2024-12-27,Store,West,25-34
104208,Regular,2023-04-30,2023-10-27,App,East,35-44
104209,Regular,2023-01-08,2024-12-29,App,North,25-34
104210,Regular,2023-02-03,2024-12-27,Web,East,25-34
104211,Regular,2023-03-03,2024-08-06,App,East,25-34
104212,Regular,2023-01-10,2023-11-16,Web,East,35-44
104213,Value,2023-01-12,2024-06-15,App,East,25-34
104214,Regular,2023-02-09,2023-11-01,Web,North,35-44
104215,Value,2023-02-04,2024-12-29,App,West,35-44
104216,Regular,2023-01-03,2024-12-01,App,North,25-34
104217,Value,2023-03-04,2024-12-24,App,West,35-44
104218,Bargain,2023-01-13,2024-11-08,App,East,55+
104219,Regular,2023-02-21,2023-10-03,Web,West,35-44
104220,Value,2023-01-27,2024-12-19,App,East,18-24
104221,Value,2023-02-08,2024-04-27,Web,South,25-34
104222,Regular,2023-01-29,2023-10-16,Web,North,35-44
104223,Value,2023-02-25,2024-12-30,App,West,25-34
104224,Regular,2023-04-05,2024-07-15,Web,East,35-44
104225,Bargain,2023-04-09,2024-10-02,Web,South,18-24
104226,Regular,2023-01-02,2024-12-10,App,North,18-24
104227,Value,2023-03-31,2024-12-23,App,West,35-44
104228,Regular,2023-07-27,2024-12-15,Store,West,18-24
104229,Regular,2023-04-01,2024-11-05,Web,East,25-34
104230,Bargain,2023-01-12,2024-09-19,Store,East,18-24
104231,Value,2023-01-06,2024-11-04,Store,East,18-24
104232,Regular,2023-03-22,2024-10-03,Web,South,25-34
104233,Regular,2023-03-17,2024-09-09,App,East,25-34
104234,Value,2023-01-26,2024-02-18,App,North,45-54
104235,Value,2023-02-09,2024-08-26,Web,South,55+
104236,Regular,2023-02-04,2024-10-15,App,South,18-24
104237,Bargain,2023-01-31,2024-10-16,App,South,25-34
104238,Regular,2023-02-19,2024-10-04,App,East,25-34
104239,Regular,2023-03-24,2024-12-24,App,West,25-34
104240,Regular,2023-01-13,2024-07-06,Web,East,18-24
104241,Bargain,2023-01-06,2024-12-25,App,East,25-34
104242,Regular,2023-01-05,2024-03-22,App,East,25-34
104243,Regular,2023-01-10,2024-07-02,App,West,25-34
104244,Regular,2023-01-02,2024-12-12,Web,East,35-44
104245,Regular,2023-02-16,2024-12-14,App,North,25-34
104246,Bargain,2023-01-06,2024-12-28,Web,North,25-34
104247,Value,2023-01-15,2024-12-14,Store,North,35-44
104248,Value,2023-01-15,2024-12-14,App,East,45-54
104249,Bargain,2023-02-05,2024-07-29,App,North,45-54
104250,Regular,2023-02-25,2023-12-12,Web,East,35-44
104251,Value,2023-02-06,2024-10-07,Web,South,18-24
104252,Value,2023-03-04,2024-12-12,App,South,25-34
104253,Regular,2023-01-01,2024-10-25,Web,North,18-24
104254,Bargain,2023-03-11,2024-09-06,App,East,35-44
104255,Value,2023-01-12,2024-07-31,Store,North,25-34
104256,Value,2023-02-08,2024-12-20,Web,East,25-34
104257,Regular,2023-01-05,2024-12-31,Web,South,45-54
104258,Bargain,2023-01-06,2024-12-26,App,East,25-34
104259,Regular,2023-01-22,2024-12-28,Web,South,18-24
104260,Bargain,2023-01-09,2024-06-09,App,West,25-34
104261,Bargain,2023-02-11,2024-05-10,App,West,25-34
104262,Regular,2023-02-12,2024-12-15,Web,North,45-54
104263,Bargain,2023-01-15,2024-12-07,App,South,45-54
104264,Regular,2023-02-25,2024-03-26,App,North,25-34
104265,Regular,2023-03-01,2024-12-22,App,North,45-54
104266,Regular,2023-01-03,2024-12-23,Store,East,25-34
104267,Bargain,2023-01-14,2024-09-27,Web,West,35-44
104268,Regular,2023-01-31,2024-11-19,App,South,35-44
104269,Regular,2023-02-28,2024-11-16,Web,North,35-44
104270,Bargain,2023-03-13,2023-11-06,Web,South,18-24
104271,Regular,2023-01-06,2024-12-21,Web,South,18-24
104272,Bargain,2023-02-25,2024-11-19,App,North,18-24
104273,Bargain,2023-01-03,2024-04-17,Web,East,45-54
104274,Regular,2023-01-11,2024-12-11,App,North,18-24
104275,Value,2023-02-04,2024-09-05,App,North,25-34
104276,Regular,2023-02-23,2024-11-25,Web,North,45-54
104277,Bargain,2023-04-20,2024-08-07,Web,East,35-44
104278,Regular,2023-01-07,2024-07-09,App,South,25-34
104279,Regular,2023-01-01,2024-12-08,Web,East,35-44
104280,Value,2023-01-03,2024-12-30,Web,West,18-24
104281,Regular,2023-02-12,2024-12-24,App,South,35-44
104282,Regular,2023-01-15,2024-11-10,Web,West,35-44
104283,Value,2023-01-06,2024-07-25,App,East,25-34
104284,Bargain,2023-01-15,2024-08-22,Web,West,55+
104285,Value,2023-01-03,2024-09-27,Web,North,35-44
104286,Bargain,2023-02-13,2024-12-21,App,West,18-24
104287,Regular,2023-01-08,2024-12-26,App,East,55+
104288,Bargain,2023-01-21,2024-12-07,Web,South,25-34
104289,Regular,2023-02-15,2024-03-17,Store,North,18-24
104290,Value,2023-01-02,2024-11-16,App,East,25-34
104291,Value,2023-01-11,2024-12-03,App,South,25-34
104292,Value,2023-01-29,2024-12-25,Web,East,45-54
104293,Regular,2023-02-26,2024-02-09,Store,West,45-54
104294,Bargain,2023-01-09,2023-12-11,Web,South,35-44
104295,Regular,2023-01-05,2024-12-03,App,West,25-34
104296,Regular,2023-03-11,2024-11-09,App,East,25-34
104297,Regular,2023-02-27,2024-10-21,App,West,45-54
104298,Regular,2023-05-17,2024-12-20,App,South,55+
104299,Regular,2023-02-16,2024-06-03,App,West,35-44
104300,Regular,2023-03-24,2024-08-10,App,West,35-44
104301,Regular,2023-01-08,2024-11-20,App,East,35-44
104302,Bargain,2023-01-17,2024-04-18,Web,East,18-24
104303,Regular,2023-04-14,2024-12-15,App,South,35-44
104304,Value,2023-02-05,2023-11-27,App,East,25-34
104305,Value,2023-01-23,2024-12-05,Web,North,45-54
104306,Regular,2023-01-10,2024-12-22,Web,West,25-34
104307,Regular,2023-06-12,2024-10-05,Store,South,25-34
104308,Bargain,2023-04-16,2023-10-28,Web,West,18-24
104309,Regular,2023-01-21,2024-10-24,Web,North,18-24
104310,Regular,2023-04-02,2024-06-11,App,North,45-54
104311,Regular,2023-01-13,2024-12-01,App,East,55+
104312,Regular,2023-02-09,2024-02-05,Web,East,55+
104313,Bargain,2023-02-18,2024-11-11,Web,North,45-54
104314,Value,2023-02-18,2023-08-16,App,West,45-54
104315,Regular,2023-01-20,2024-12-12,App,West,35-44
104316,Bargain,2023-01-10,2024-12-20,Web,South,25-34
104317,Regular,2023-01-26,2023-11-26,Web,South,25-34
104318,Bargain,2023-02-04,2024-12-15,App,South,45-54
104319,Regular,2023-01-15,2024-07-02,Web,South,45-54
104320,Bargain,2023-02-25,2024-12-08,Store,North,35-44
104321,Regular,2023-01-24,2023-05-16,App,East,45-54
104322,Regular,2023-01-22,2023-10-19,Web,East,18-24
104323,Value,2023-01-01,2024-12-02,App,West,55+
104324,Regular,2023-01-19,2024-11-20,Web,East,35-44
104325,Regular,2023-04-20,2024-08-29,Web,South,18-24
104326,Value,2023-01-08,2024-12-08,Store,East,45-54
104327,Regular,2023-01-02,2024-07-03,App,South,25-34
104328,Bargain,2023-01-09,2024-01-14,App,North,35-44
104329,Bargain,2023-01-30,2024-12-24,App,South,35-44
104330,Value,2023-01-12,2024-12-22,Web,West,55+
104331,Bargain,2023-01-18,2023-09-11,Web,East,25-34
104332,Value,2023-01-10,2024-12-27,App,South,25-34
104333,Regular,2023-02-23,2024-12-21,App,North,18-24
104334,Bargain,2023-01-26,2024-12-15,App,West,35-44
104335,Value,2023-01-10,2024-12-10,App,North,18-24
104336,Value,2023-02-07,2024-08-31,App,West,35-44
104337,Value,2023-01-13,2024-12-26,App,East,35-44
104338,Regular,2023-03-06,2024-12-03,Store,East,55+
104339,Bargain,2023-02-06,2024-06-18,Web,East,45-54
104340,Value,2023-01-01,2023-12-08,App,East,35-44
104341,Value,2023-02-03,2024-05-12,Web,South,25-34
104342,Regular,2023-01-28,2024-11-29,Web,East,45-54
104343,Regular,2023-05-21,2024-09-25,App,North,18-24
104344,Regular,2023-04-12,2024-12-22,App,South,25-34
104345,Bargain,2023-01-18,2024-11-21,App,West,25-34
104346,Regular,2023-01-27,2024-11-08,App,North,25-34
104347,Bargain,2023-04-21,2024-11-11,App,North,18-24
104348,Regular,2023-01-04,2024-12-20,Web,South,25-34
104349,Bargain,2023-01-16,2024-11-19,App,West,35-44
104350,Value,2023-01-07,2024-12-04,Web,North,18-24
104351,Value,2023-01-27,2024-12-20,Web,West,25-34
104352,Regular,2023-03-15,2024-03-04,App,West,35-44
104353,Value,2023-01-16,2024-12-09,App,East,35-44
104354,Bargain,2023-02-23,2024-03-28,Web,East,25-34
104355,Regular,2023-01-05,2024-08-13,App,East,35-44
104356,Bargain,2023-04-02,2024-12-07,Store,West,35-44
104357,Regular,2023-01-13,2024-11-09,Web,South,18-24
104358,Regular,2023-02-10,2024-12-27,Web,East,25-34
104359,Regular,2023-03-01,2024-03-06,App,East,25-34
104360,Regular,2023-02-01,2023-12-14,Web,South,25-34
104361,Regular,2023-02-08,2024-10-26,Web,North,18-24
104362,Regular,2023-01-15,2024-12-30,Store,South,25-34
104363,Bargain,2023-01-30,2024-10-23,App,North,18-24
104364,Regular,2023-04-07,2024-12-16,App,South,18-24
104365,Value,2023-02-17,2024-10-09,App,East,35-44
104366,Regular,2023-02-25,2024-10-05,App,West,45-54
104367,Regular,2023-01-28,2024-12-06,Store,South,25-34
104368,Value,2023-01-30,2024-12-06,App,West,25-34
104369,Regular,2023-02-27,2024-11-15,Web,East,25-34
104370,Regular,2023-01-29,2024-12-25,Web,South,35-44
104371,Value,2023-01-05,2024-02-26,App,North,55+
104372,Regular,2023-01-26,2024-11-07,App,South,25-34
104373,Value,2023-01-02,2024-12-07,Web,West,55+
104374,Regular,2023-02-10,2024-12-31,Web,West,35-44
104375,Value,2023-01-17,2023-12-05,App,South,55+
104376,Regular,2023-01-04,2024-10-22,Web,South,25-34
104377,Value,2023-01-03,2023-12-22,Web,East,35-44
104378,Bargain,2023-01-13,2024-02-17,App,East,35-44
104379,Value,2023-02-27,2023-11-12,Store,South,45-54
104380,Regular,2023-01-06,2024-06-09,Web,North,35-44
104381,Regular,2023-01-14,2024-10-12,Web,South,18-24
104382,Regular,2023-03-22,2024-12-25,App,South,25-34
104383,Regular,2023-02-11,2024-12-14,App,South,25-34
104384,Bargain,2023-07-29,2024-10-18,Web,South,35-44
104385,Bargain,2023-02-09,2024-12-14,Web,East,55+
104386,Regular,2023-01-15,2024-12-07,App,West,55+
104387,Value,2023-01-19,2024-12-25,Store,North,18-24
104388,Regular,2023-01-12,2024-03-07,Web,East,45-54
104389,Regular,2023-01-03,2023-12-26,App,East,25-34
104390,Regular,2023-02-25,2024-12-03,App,West,35-44
104391,Regular,2023-01-02,2024-11-25,App,East,25-34
104392,Regular,2023-01-05,2024-11-23,App,East,45-54
104393,Regular,2023-01-18,2023-12-01,Web,North,45-54
104394,Regular,2023-02-02,2024-12-13,Web,East,25-34
104395,Regular,2023-02-02,2024-11-14,App,South,25-34
104396,Value,2023-01-15,2024-12-18,App,East,25-34
104397,Regular,2023-01-23,2024-12-02,Web,West,35-44
104398,Value,2023-02-05,2024-12-27,App,South,18-24
104399,Regular,2023-01-17,2024-12-14,App,East,45-54
104400,Regular,2023-02-20,2024-10-29,Web,North,45-54
104401,Regular,2023-01-07,2024-10-15,Web,South,18-24
104402,Value,2023-01-06,2024-10-22,App,North,45-54
104403,Regular,2023-01-25,2024-12-14,App,East,45-54
104404,Regular,2023-01-27,2024-12-15,Store,East,25-34
104405,Regular,2023-01-18,2024-05-30,Web,North,35-44
104406,Bargain,2023-01-01,2024-12-06,App,East,35-44
104407,Regular,2023-01-25,2024-10-14,App,West,25-34
104408,Bargain,2023-01-22,2024-09-22,App,East,25-34
104409,Value,2023-01-05,2024-12-30,App,East,35-44
104410,Regular,2023-01-08,2023-10-12,App,West,35-44
104411,Value,2023-01-16,2024-12-26,App,West,55+
104412,Regular,2023-01-17,2023-09-14,Web,South,18-24
104413,Value,2023-01-11,2024-09-27,App,West,55+
104414,Regular,2023-04-30,2024-12-12,App,North,25-34
104415,Regular,2023-01-16,2024-10-05,App,South,25-34
104416,Regular,2023-01-04,2024-12-23,Web,West,25-34
104417,Value,2023-02-07,2024-12-10,App,East,45-54
104418,Value,2023-01-07,2024-11-01,Web,North,45-54
104419,Regular,2023-01-18,2024-10-20,Web,South,25-34
104420,Regular,2023-01-18,2024-03-10,Web,South,35-44
104421,Value,2023-01-30,2024-09-17,App,East,25-34
104422,Regular,2023-01-03,2024-11-19,App,East,35-44
104423,Regular,2023-03-11,2023-10-31,Web,North,25-34
104424,Regular,2023-01-24,2024-12-27,Web,East,45-54
104425,Regular,2023-01-08,2024-10-05,App,South,25-34
104426,Value,2023-01-13,2024-11-13,Store,South,18-24
104427,Value,2023-01-21,2024-12-11,App,East,45-54
104428,Regular,2023-01-03,2024-12-29,App,East,45-54
104429,Value,2023-01-05,2024-12-28,Web,North,25-34
104430,Regular,2023-01-10,2024-12-01,App,West,25-34
104431,Bargain,2023-06-18,2023-10-28,Store,North,45-54
104432,Bargain,2023-04-09,2024-07-26,Web,North,35-44
104433,Regular,2023-03-30,2024-11-01,App,East,45-54
104434,Regular,2023-01-19,2024-10-05,App,East,25-34
104435,Regular,2023-06-16,2024-12-17,Store,North,25-34
104436,Bargain,2023-05-24,2024-02-01,Store,West,25-34
104437,Regular,2023-03-06,2024-10-30,App,North,35-44
104438,Regular,2023-01-26,2024-12-16,Web,West,25-34
104439,Regular,2023-03-15,2024-05-18,App,South,35-44
104440,Value,2023-01-27,2024-10-07,Web,East,55+
104441,Regular,2023-01-05,2024-12-09,Web,East,25-34
104442,Bargain,2023-03-04,2024-12-09,App,South,25-34
104443,Bargain,2023-01-22,2024-05-17,Web,East,35-44
104444,Value,2023-01-27,2024-12-30,App,East,25-34
104445,Regular,2023-01-03,2024-08-09,Web,South,55+
104446,Regular,2023-01-14,2024-11-03,App,East,18-24
104447,Regular,2023-02-13,2024-12-21,Web,South,45-54
104448,Regular,2023-01-18,2024-06-14,Store,North,35-44
104449,Value,2023-02-20,2023-11-10,Web,West,35-44
104450,Bargain,2023-07-11,2024-09-20,Web,West,25-34
104451,Bargain,2023-01-30,2024-01-04,App,North,25-34
104452,Regular,2023-05-28,2024-08-30,Web,North,35-44
104453,Regular,2023-01-04,2024-11-20,App,East,45-54
104454,Regular,2023-01-18,2024-10-08,App,West,25-34
104455,Regular,2023-02-08,2024-05-25,Web,East,45-54
104456,Value,2023-03-12,2024-03-11,Store,West,45-54
104457,Regular,2023-01-29,2024-10-14,App,North,35-44
104458,Value,2023-01-21,2024-12-23,App,West,35-44
104459,Bargain,2023-05-23,2024-10-28,App,West,35-44
104460,Regular,2023-02-02,2024-12-29,Web,North,35-44
104461,Regular,2023-02-18,2024-05-15,Web,East,25-34
104462,Regular,2023-03-21,2024-08-21,App,North,25-34
104463,Bargain,2023-04-01,2024-10-12,Web,South,18-24
104464,Value,2023-01-23,2024-12-10,App,North,55+
104465,Value,2023-01-08,2023-12-28,Web,North,35-44
104466,Value,2023-01-28,2024-07-14,App,South,25-34
104467,Regular,2023-03-22,2024-11-19,App,West,35-44
104468,Bargain,2023-04-15,2024-03-21,App,North,25-34
104469,Regular,2023-01-09,2024-11-10,App,East,35-44
104470,Bargain,2023-02-22,2024-02-17,Web,East,25-34
104471,Regular,2023-01-30,2024-11-01,App,North,35-44
104472,Regular,2023-01-24,2024-01-16,Web,South,25-34
104473,Value,2023-01-08,2024-07-31,App,East,45-54
104474,Regular,2023-04-03,2024-12-31,App,East,18-24
104475,Regular,2023-01-28,2024-12-13,App,West,35-44
104476,Regular,2023-03-02,2024-10-30,Web,North,55+
104477,Regular,2023-04-18,2024-07-08,App,East,35-44
104478,Bargain,2023-03-05,2023-10-12,Web,East,35-44
104479,Bargain,2023-01-23,2024-10-04,App,East,25-34
104480,Regular,2023-01-29,2024-12-26,Web,South,18-24
104481,Regular,2023-01-24,2024-11-27,Web,West,25-34
104482,Regular,2023-01-29,2024-10-17,Web,East,25-34
104483,Regular,2023-02-22,2024-12-30,Web,East,25-34
104484,Bargain,2023-03-03,2024-11-03,Web,South,25-34
104485,Regular,2023-02-18,2024-01-04,Web,North,45-54
104486,Regular,2023-03-18,2024-08-06,Web,East,18-24
104487,Value,2023-01-16,2024-11-28,Web,North,25-34
104488,Regular,2023-01-09,2024-09-15,Web,East,18-24
104489,Regular,2023-01-18,2024-08-29,Store,East,25-34
104490,Regular,2023-04-26,2024-11-28,App,South,45-54
104491,Bargain,2023-01-24,2024-12-17,Web,East,25-34
104492,Bargain,2023-04-14,2024-12-16,Web,West,18-24
104493,Value,2023-01-23,2024-12-08,App,North,18-24
104494,Regular,2023-01-20,2024-05-28,App,West,25-34
104495,Regular,2023-01-01,2024-08-20,Store,South,55+
104496,Regular,2023-01-13,2024-03-22,Web,West,55+
104497,Regular,2023-01-31,2024-02-06,Web,West,45-54
104498,Bargain,2023-05-24,2024-12-01,App,East,45-54
104499,Regular,2023-02-21,2024-03-27,App,East,25-34
104500,Value,2023-02-22,2024-12-27,App,North,45-54
104501,Regular,2023-02-20,2024-12-15,App,West,18-24
104502,Regular,2023-01-19,2024-07-28,Web,South,25-34
104503,Regular,2023-01-23,2023-10-15,Web,East,25-34
104504,Value,2023-02-13,2024-10-25,App,South,18-24
104505,Regular,2023-02-21,2024-09-01,Web,East,55+
104506,Regular,2023-07-01,2024-12-05,App,South,55+
104507,Value,2023-01-20,2023-10-29,Web,East,35-44
104508,Regular,2023-01-15,2024-12-11,App,South,55+
104509,Regular,2023-04-17,2023-09-15,Store,West,18-24
104510,Regular,2023-01-06,2024-11-28,Web,West,45-54
104511,Regular,2023-01-08,2024-09-30,Web,North,25-34
104512,Bargain,2023-01-16,2024-07-21,App,North,18-24
104513,Value,2023-04-24,2024-12-04,Web,South,25-34
104514,Value,2023-01-11,2024-10-24,Store,North,45-54
104515,Regular,2023-02-03,2024-11-19,App,South,35-44
104516,Regular,2023-02-28,2024-10-09,Store,West,35-44
104517,Regular,2023-01-22,2024-11-09,Store,North,25-34
104518,Regular,2023-03-28,2024-07-14,Web,East,25-34
104519,Regular,2023-01-12,2024-09-09,Web,East,18-24
104520,Value,2023-03-01,2024-12-19,App,East,25-34
104521,Regular,2023-02-24,2024-12-29,Web,West,45-54
104522,Regular,2023-01-21,2024-06-27,App,West,45-54
104523,Bargain,2023-01-09,2024-11-06,Store,North,55+
104524,Regular,2023-01-19,2024-07-06,Web,East,35-44
104525,Regular,2023-02-20,2024-12-30,App,North,35-44
104526,Regular,2023-02-14,2024-12-28,Web,East,55+
104527,Regular,2023-01-07,2024-01-06,Store,West,55+
104528,Regular,2023-02-01,2024-09-19,App,North,35-44
104529,Regular,2023-01-08,2024-08-01,Web,South,25-34
104530,Regular,2023-02-21,2024-10-14,Web,North,18-24
104531,Regular,2023-03-27,2024-10-21,Web,North,35-44
104532,Regular,2023-01-27,2024-10-22,Web,West,35-44
104533,Regular,2023-04-15,2024-12-27,App,West,45-54
104534,Regular,2023-03-25,2024-11-29,Web,East,18-24
104535,Value,2023-01-14,2024-11-26,App,South,45-54
104536,Regular,2023-02-01,2024-12-12,Web,West,55+
104537,Bargain,2023-05-27,2023-09-27,Web,East,25-34
104538,Value,2023-01-23,2024-12-24,Web,North,45-54
104539,Regular,2023-01-01,2023-06-04,App,South,45-54
104540,Value,2023-02-10,2024-11-12,Web,West,45-54
104541,Value,2023-01-07,2024-12-29,Web,West,35-44
104542,Bargain,2023-01-23,2024-11-24,App,South,25-34
104543,Regular,2023-01-09,2024-12-18,Web,North,45-54
104544,Regular,2023-01-08,2024-03-19,App,East,45-54
104545,Regular,2023-01-09,2024-02-03,App,West,18-24
104546,Bargain,2023-04-19,2024-07-29,App,East,35-44
104547,Regular,2023-01-22,2024-09-14,Web,North,25-34
104548,Regular,2023-01-18,2024-12-30,Store,West,35-44
104549,Regular,2023-01-05,2024-05-14,App,East,35-44
104550,Value,2023-01-06,2024-12-25,App,West,35-44
104551,Regular,2023-01-14,2024-04-25,Web,North,45-54
104552,Value,2023-01-04,2024-12-21,Store,West,25-34
104553,Regular,2023-01-15,2024-08-31,Store,South,25-34
104554,Regular,2023-01-29,2024-07-17,App,South,55+
104555,Regular,2023-01-03,2024-08-02,Web,East,18-24
104556,Regular,2023-01-12,2024-12-23,Web,South,18-24
104557,Regular,2023-06-10,2024-12-05,Web,North,35-44
104558,Value,2023-01-05,2024-12-29,Web,West,45-54
104559,Regular,2023-01-21,2024-12-13,App,West,55+
104560,Bargain,2023-03-30,2024-11-20,App,South,35-44
104561,Regular,2023-01-05,2023-07-02,App,East,25-34
104562,Regular,2023-01-05,2024-06-26,Web,West,55+
104563,Bargain,2023-02-21,2024-12-27,App,East,25-34
104564,Value,2023-01-01,2024-12-25,Web,West,35-44
104565,Regular,2023-01-10,2024-07-03,Web,West,55+
104566,Regular,2023-02-28,2024-05-18,App,West,25-34
104567,Value,2023-02-02,2024-12-26,Web,West,18-24
104568,Regular,2023-05-03,2024-02-04,Web,East,35-44
104569,Regular,2023-01-21,2024-11-28,App,North,25-34
104570,Regular,2023-01-13,2023-08-13,Web,West,35-44
104571,Bargain,2023-05-14,2024-09-27,App,East,25-34
104572,Value,2023-01-13,2024-12-19,Web,North,25-34
104573,Regular,2023-01-24,2024-11-15,App,East,35-44
104574,Bargain,2023-11-18,2023-11-18,App,West,45-54
104575,Value,2023-01-30,2024-12-07,Web,East,25-34
104576,Bargain,2023-04-04,2023-10-10,Store,South,25-34
104577,Value,2023-01-06,2024-12-22,Web,North,35-44
104578,Regular,2023-05-05,2024-07-14,App,West,55+
104579,Value,2023-01-11,2024-02-19,App,East,35-44
104580,Regular,2023-01-16,2024-12-19,App,South,35-44
104581,Regular,2023-02-17,2024-07-24,Web,East,35-44
104582,Bargain,2023-03-18,2023-09-08,App,North,35-44
104583,Bargain,2023-02-06,2024-12-17,App,East,25-34
104584,Regular,2023-02-05,2024-12-29,Web,East,45-54
104585,Regular,2023-04-11,2024-12-16,App,West,25-34
104586,Regular,2023-02-03,2024-11-06,App,East,35-44
104587,Bargain,2023-01-31,2024-10-23,App,East,45-54
104588,Regular,2023-01-09,2024-12-07,Web,South,25-34
104589,Bargain,2023-02-23,2024-06-11,Web,West,55+
104590,Regular,2023-01-25,2024-12-28,App,West,25-34
104591,Regular,2023-03-15,2024-08-02,App,South,35-44
104592,Regular,2023-01-11,2024-12-23,App,West,45-54
104593,Regular,2023-01-18,2024-11-22,App,South,25-34
104594,Regular,2023-03-23,2024-12-15,Web,East,25-34
104595,Bargain,2023-01-10,2024-12-23,Web,East,45-54
104596,Regular,2023-02-04,2024-04-05,Web,West,35-44
104597,Value,2023-01-22,2023-12-04,Store,South,45-54
104598,Regular,2023-02-11,2024-11-17,App,South,35-44
104599,Regular,2023-02-04,2024-12-25,App,South,25-34
104600,Regular,2023-02-23,2024-12-27,Web,South,35-44
104601,Bargain,2023-01-08,2023-10-03,App,South,25-34
104602,Bargain,2023-03-26,2024-11-29,Web,East,45-54
104603,Regular,2023-01-11,2024-11-23,Web,East,25-34
104604,Regular,2023-01-03,2024-12-20,App,North,25-34
104605,Regular,2023-01-03,2024-12-23,App,East,35-44
104606,Bargain,2023-03-22,2024-08-29,Web,East,55+
104607,Regular,2023-04-16,2024-11-08,Web,West,35-44
104608,Value,2023-01-03,2024-12-11,App,East,55+
104609,Bargain,2023-01-17,2024-10-15,App,South,35-44
104610,Bargain,2023-01-21,2024-11-08,App,South,55+
104611,Regular,2023-01-08,2024-12-22,Store,North,35-44
104612,Regular,2023-01-01,2024-11-28,Web,North,18-24
104613,Regular,2023-04-19,2024-01-15,App,South,25-34
104614,Regular,2023-01-18,2023-10-18,App,North,25-34
104615,Regular,2023-01-13,2024-12-27,Web,South,45-54
104616,Value,2023-01-26,2024-11-28,Web,West,25-34
104617,Regular,2023-03-20,2024-07-14,App,East,35-44
104618,Regular,2023-03-31,2024-10-21,App,East,25-34
104619,Regular,2023-02-03,2024-07-18,Web,North,45-54
104620,Regular,2023-03-21,2024-02-29,Web,West,18-24
104621,Bargain,2023-07-22,2024-04-26,Web,South,25-34
104622,Regular,2023-02-09,2024-10-29,Web,West,45-54
104623,Bargain,2023-01-28,2024-08-28,Web,North,35-44
104624,Value,2023-02-12,2024-12-31,App,North,25-34
104625,Regular,2023-02-03,2024-12-21,App,South,18-24
104626,Bargain,2023-01-09,2023-09-11,Store,West,35-44
104627,Regular,2023-02-03,2024-12-16,Web,East,18-24
104628,Value,2023-01-08,2024-11-24,App,East,45-54
104629,Regular,2023-01-07,2024-11-22,Web,North,35-44
104630,Regular,2023-02-11,2024-10-05,Store,East,45-54
104631,Regular,2023-02-06,2024-12-19,Web,South,35-44
104632,Regular,2023-01-02,2023-09-29,Web,North,35-44
104633,Regular,2023-02-04,2024-06-01,Store,North,25-34
104634,Regular,2023-01-05,2024-11-14,App,West,18-24
104635,Value,2023-02-14,2024-04-19,Store,North,35-44
104636,Regular,2023-01-03,2024-10-30,Web,East,35-44
104637,Regular,2023-01-15,2024-12-24,App,North,55+
104638,Value,2023-01-02,2024-12-05,Web,North,45-54
104639,Regular,2023-05-12,2024-10-06,App,West,45-54
104640,Regular,2023-02-11,2024-11-08,App,East,25-34
104641,Value,2023-01-30,2024-05-03,Web,West,25-34
104642,Regular,2023-05-06,2024-11-14,App,East,35-44
104643,Value,2023-01-25,2024-04-15,App,West,55+
104644,Regular,2023-01-01,2024-09-15,App,South,45-54
104645,Bargain,2023-02-03,2024-09-26,Web,South,25-34
104646,Bargain,2023-01-13,2024-10-25,Store,North,18-24
104647,Regular,2023-03-02,2024-10-24,App,West,25-34
104648,Regular,2023-02-04,2024-10-18,App,West,25-34
104649,Regular,2023-02-21,2024-12-20,Store,South,25-34
104650,Bargain,2023-01-17,2024-09-26,App,West,18-24
104651,Bargain,2023-02-05,2024-12-21,App,North,35-44
104652,Value,2023-01-03,2023-11-25,App,West,25-34
104653,Value,2023-01-22,2024-12-11,App,North,55+
104654,Regular,2023-01-25,2024-09-20,App,East,35-44
104655,Bargain,2023-01-03,2024-11-12,App,East,25-34
104656,Bargain,2023-02-16,2024-12-31,App,North,35-44
104657,Value,2023-01-01,2023-11-24,App,North,55+
104658,Regular,2023-02-03,2024-12-06,App,South,45-54
104659,Value,2023-01-02,2024-12-11,App,East,18-24
104660,Regular,2023-01-07,2024-12-31,Store,South,18-24
104661,Bargain,2023-01-31,2024-11-06,Store,South,45-54
104662,Regular,2023-01-03,2023-11-23,Web,South,35-44
104663,Value,2023-01-18,2024-12-13,App,East,45-54
104664,Regular,2023-01-04,2024-03-08,App,South,35-44
104665,Regular,2023-01-11,2024-07-07,App,South,35-44
104666,Bargain,2023-03-27,2024-12-21,Store,West,45-54
104667,Regular,2023-02-11,2024-12-28,Store,North,25-34
104668,Bargain,2023-01-18,2024-12-05,App,East,25-34
104669,Regular,2023-01-09,2024-12-22,Web,North,45-54
104670,Value,2023-02-06,2024-02-11,App,West,35-44
104671,Regular,2023-01-03,2024-12-16,Web,North,55+
104672,Value,2023-01-07,2024-11-30,Web,South,25-34
104673,Regular,2023-01-17,2024-09-24,Web,South,55+
104674,Regular,2023-01-17,2024-11-19,Store,West,35-44
104675,Value,2023-02-03,2024-05-27,App,North,25-34
104676,Value,2023-01-02,2024-12-17,Web,South,35-44
104677,Value,2023-02-26,2024-11-28,Web,North,25-34
104678,Value,2023-01-06,2024-12-04,Web,East,25-34
104679,Bargain,2023-01-23,2024-10-03,Web,South,25-34
104680,Bargain,2023-01-06,2024-11-27,Web,North,45-54
104681,Value,2023-01-06,2024-03-26,App,North,45-54
104682,Regular,2023-01-05,2024-05-20,Web,South,25-34
104683,Regular,2023-01-04,2024-08-07,Web,East,35-44
104684,Bargain,2023-03-01,2023-10-21,App,South,25-34
104685,Regular,2023-06-03,2023-09-22,App,North,25-34
104686,Regular,2023-01-22,2024-10-07,App,North,45-54
104687,Regular,2023-02-18,2024-12-10,App,South,25-34
104688,Bargain,2023-01-03,2024-06-14,App,South,25-34
104689,Regular,2023-01-28,2024-09-21,App,South,35-44
104690,Regular,2023-05-27,2024-12-30,Store,West,35-44
104691,Regular,2023-01-25,2024-03-22,App,West,35-44
104692,Regular,2023-01-02,2024-12-09,Web,West,25-34
104693,Bargain,2023-04-19,2023-11-13,App,South,25-34
104694,Regular,2023-03-08,2024-12-05,App,South,55+
104695,Regular,2023-03-02,2024-11-20,Store,North,45-54
104696,Regular,2023-02-03,2024-09-27,App,West,25-34
104697,Regular,2023-01-16,2024-12-18,App,East,25-34
104698,Regular,2023-01-24,2024-11-25,Web,West,35-44
104699,Regular,2023-01-08,2024-01-29,App,North,45-54
104700,Bargain,2023-06-22,2024-06-26,Web,North,25-34
104701,Regular,2023-04-17,2024-11-05,Web,West,18-24
104702,Regular,2023-05-08,2024-12-28,Web,West,25-34
104703,Regular,2023-03-14,2024-05-25,Web,South,55+
104704,Value,2023-01-04,2023-12-19,Web,South,25-34
104705,Regular,2023-05-21,2024-03-30,Store,East,45-54
104706,Value,2023-01-21,2024-11-12,Web,West,35-44
104707,Regular,2023-05-19,2024-11-25,Web,North,35-44
104708,Value,2023-01-03,2024-12-27,App,West,25-34
104709,Regular,2023-03-22,2024-11-13,App,West,55+
104710,Regular,2023-02-11,2024-11-25,App,South,25-34
104711,Regular,2023-03-16,2024-10-31,Store,North,35-44
104712,Regular,2023-01-27,2024-12-29,App,East,18-24
104713,Bargain,2023-01-06,2024-12-04,App,West,25-34
104714,Regular,2023-03-01,2023-10-05,App,South,55+
104715,Value,2023-02-20,2024-12-17,Web,East,45-54
104716,Regular,2023-03-19,2024-11-12,Web,South,25-34
104717,Regular,2023-01-27,2024-10-21,Store,North,25-34
104718,Regular,2023-01-22,2024-11-22,Web,North,55+
104719,Value,2023-01-04,2024-11-25,App,West,55+
104720,Regular,2023-02-01,2024-12-24,App,North,25-34
104721,Regular,2023-02-03,2024-10-08,Web,West,25-34
104722,Regular,2023-01-16,2024-11-03,Web,South,25-34
104723,Regular,2023-01-06,2024-11-01,App,West,35-44
104724,Value,2023-01-09,2024-12-10,Store,West,35-44
104725,Regular,2023-02-26,2024-12-16,App,South,18-24
104726,Bargain,2023-01-11,2024-08-25,Web,West,25-34
104727,Regular,2023-02-09,2024-07-02,App,North,35-44
104728,Regular,2023-01-15,2024-12-27,App,West,18-24
104729,Regular,2023-03-14,2024-12-31,Store,West,35-44
104730,Regular,2023-02-09,2024-01-02,Web,East,18-24
104731,Bargain,2023-04-12,2024-12-26,Store,South,35-44
104732,Regular,2023-02-22,2024-12-27,App,South,45-54
104733,Regular,2023-01-29,2024-10-26,App,North,55+
104734,Bargain,2023-02-02,2024-08-06,Web,North,18-24
104735,Regular,2023-01-08,2024-11-05,Store,North,25-34
104736,Regular,2023-01-10,2023-11-26,App,East,25-34
104737,Value,2023-01-25,2024-06-12,App,North,45-54
104738,Value,2023-03-09,2024-12-06,App,West,35-44
104739,Regular,2023-01-18,2024-12-25,App,South,35-44
104740,Regular,2023-03-06,2024-12-30,App,East,18-24
104741,Regular,2023-01-14,2024-11-10,Web,East,25-34
104742,Regular,2023-01-31,2024-12-14,App,North,25-34
104743,Regular,2023-05-03,2024-10-31,App,West,25-34
104744,Value,2023-01-14,2024-12-28,App,North,18-24
104745,Value,2023-01-02,2024-12-27,Web,South,35-44
104746,Regular,2023-01-12,2024-10-26,App,East,25-34
104747,Regular,2023-01-01,2024-12-13,Web,West,25-34
104748,Bargain,2023-02-22,2024-11-22,Store,North,25-34
104749,Value,2023-01-28,2024-01-05,Web,North,45-54
104750,Value,2023-01-02,2024-12-10,App,South,25-34
104751,Regular,2023-01-24,2024-11-25,App,East,18-24
104752,Regular,2023-01-14,2024-01-03,Web,West,25-34
104753,Regular,2023-03-06,2023-11-15,Store,North,18-24
104754,Bargain,2023-03-14,2024-12-12,App,West,35-44
104755,Regular,2023-01-21,2024-12-25,App,West,25-34
104756,Regular,2023-01-16,2024-12-11,App,East,18-24
104757,Bargain,2023-03-25,2024-09-30,Web,North,18-24
104758,Value,2023-01-05,2024-05-21,Web,South,18-24
104759,Bargain,2023-01-09,2023-12-22,App,North,35-44
104760,Regular,2023-02-27,2024-08-10,App,North,25-34
104761,Regular,2023-04-09,2024-04-20,App,West,55+
104762,Bargain,2023-05-19,2024-08-11,App,West,25-34
104763,Regular,2023-02-03,2024-04-03,App,South,45-54
104764,Regular,2023-02-27,2024-12-15,App,East,25-34
104765,Regular,2023-01-26,2024-12-31,Web,North,25-34
104766,Regular,2023-01-02,2024-06-30,App,South,45-54
104767,Regular,2023-01-01,2024-10-01,App,West,35-44
104768,Regular,2023-03-26,2024-12-04,Web,East,18-24
104769,Regular,2023-01-04,2024-06-05,Web,East,45-54
104770,Regular,2023-01-26,2024-12-07,Web,West,25-34
104771,Regular,2023-05-08,2024-11-12,Web,North,35-44
104772,Value,2023-01-12,2024-12-21,Store,West,45-54
104773,Regular,2023-05-07,2024-12-04,Web,East,45-54
104774,Value,2023-03-09,2024-12-03,App,East,18-24
104775,Value,2023-01-04,2024-06-30,App,North,25-34
104776,Regular,2023-01-21,2024-08-24,Web,East,25-34
104777,Value,2023-02-07,2024-11-25,App,East,25-34
104778,Regular,2023-01-30,2024-09-12,Store,West,25-34
104779,Regular,2023-01-11,2024-11-24,App,North,45-54
104780,Regular,2023-02-25,2024-06-26,App,South,25-34
104781,Bargain,2023-03-16,2024-09-23,Web,South,35-44
104782,Bargain,2023-01-02,2024-12-15,App,North,45-54
104783,Regular,2023-03-01,2024-05-19,App,South,55+
104784,Bargain,2023-01-16,2024-12-30,Web,South,55+
104785,Bargain,2023-02-04,2024-12-08,App,West,25-34
104786,Regular,2023-04-30,2023-09-26,Store,North,45-54
104787,Regular,2023-01-14,2024-12-25,App,North,55+
104788,Value,2023-01-11,2024-04-01,App,East,18-24
104789,Regular,2023-02-09,2024-11-29,Web,North,55+
104790,Regular,2023-02-04,2023-12-11,Web,West,35-44
104791,Value,2023-01-03,2024-01-04,App,West,45-54
104792,Regular,2023-01-10,2023-09-06,Store,North,25-34
104793,Bargain,2023-02-27,2023-12-17,App,West,35-44
104794,Regular,2023-01-06,2024-06-01,App,South,18-24
104795,Value,2023-01-05,2024-11-11,App,West,25-34
104796,Value,2023-01-07,2024-10-10,App,West,25-34
104797,Regular,2023-01-19,2023-07-14,Web,South,25-34
104798,Bargain,2023-01-21,2024-02-01,App,East,45-54
104799,Regular,2023-02-01,2024-12-30,Web,West,35-44
104800,Regular,2023-04-09,2024-05-24,App,West,25-34
104801,Regular,2023-01-17,2024-12-09,Web,East,35-44
104802,Value,2023-01-10,2024-12-31,Web,East,45-54
104803,Regular,2023-01-05,2024-12-26,App,North,25-34
104804,Bargain,2023-04-27,2024-01-15,Web,East,45-54
104805,Regular,2023-02-09,2024-12-22,Web,West,18-24
104806,Regular,2023-01-15,2024-12-10,Web,North,45-54
104807,Regular,2023-01-02,2024-01-22,Web,West,25-34
104808,Regular,2023-01-15,2024-12-27,Store,South,25-34
104809,Regular,2023-01-02,2024-11-21,App,North,45-54
104810,Regular,2023-01-07,2024-10-15,Web,North,18-24
104811,Regular,2023-01-16,2024-12-28,App,North,45-54
104812,Regular,2023-02-11,2024-11-28,Web,North,35-44
104813,Bargain,2023-02-04,2024-02-27,Web,North,18-24
104814,Regular,2023-06-19,2024-12-05,Web,West,18-24
104815,Value,2023-01-15,2023-12-16,Web,North,25-34
104816,Regular,2023-05-25,2024-11-24,Web,West,35-44
104817,Regular,2023-02-01,2024-05-05,App,South,45-54
104818,Regular,2023-02-26,2024-10-20,Store,West,18-24
104819,Regular,2023-01-29,2024-11-01,App,North,45-54
104820,Regular,2023-02-11,2024-12-06,App,South,45-54
104821,Regular,2023-01-18,2024-10-30,App,East,25-34
104822,Regular,2023-01-15,2024-12-25,Web,North,35-44
104823,Regular,2023-02-01,2024-11-05,Web,North,55+
104824,Regular,2023-06-17,2024-10-14,Web,East,55+
104825,Regular,2023-03-08,2024-09-30,App,East,35-44
104826,Value,2023-02-04,2024-12-04,App,North,45-54
104827,Regular,2023-01-09,2024-12-03,App,South,35-44
104828,Regular,2023-01-29,2024-11-27,App,South,55+
104829,Bargain,2023-01-20,2024-10-21,Web,West,35-44
104830,Regular,2023-04-05,2024-09-22,App,North,18-24
104831,Regular,2023-01-28,2024-10-20,App,West,25-34
104832,Regular,2023-03-18,2024-12-13,Web,East,35-44
104833,Regular,2023-01-17,2024-12-11,App,West,35-44
104834,Regular,2023-02-07,2024-12-17,Web,East,45-54
104835,Bargain,2023-06-20,2023-10-18,Web,East,35-44
104836,Value,2023-02-23,2024-11-08,Web,West,25-34
104837,Value,2023-04-13,2024-12-08,Store,West,25-34
104838,Value,2023-01-02,2024-12-28,App,South,25-34
104839,Value,2023-01-26,2024-12-29,Web,South,55+
104840,Bargain,2023-04-23,2024-12-01,App,North,45-54
104841,Regular,2023-02-14,2023-11-09,App,East,18-24
104842,Regular,2023-03-20,2024-04-03,App,North,25-34
104843,Regular,2023-03-05,2024-11-21,Web,East,18-24
104844,Regular,2023-01-05,2024-09-16,Web,East,18-24
104845,Regular,2023-02-12,2024-12-07,App,East,55+
104846,Value,2023-01-01,2024-12-17,Web,East,25-34
104847,Regular,2023-02-01,2024-12-25,Web,East,45-54
104848,Value,2023-01-03,2024-12-27,App,West,35-44
104849,Regular,2023-01-10,2023-10-10,Web,West,25-34
104850,Regular,2023-03-19,2024-08-22,Web,South,18-24
104851,Regular,2023-03-02,2024-09-15,App,West,25-34
104852,Bargain,2023-06-18,2024-12-03,Web,North,18-24
104853,Value,2023-02-16,2024-07-22,Store,North,18-24
104854,Value,2023-04-23,2024-01-04,App,South,18-24
104855,Bargain,2023-01-31,2024-10-25,Web,South,35-44
104856,Regular,2023-01-25,2024-12-24,Web,North,18-24
104857,Regular,2023-01-03,2024-11-07,Web,South,25-34
104858,Value,2023-01-07,2024-12-23,Store,South,45-54
104859,Regular,2023-02-04,2024-10-20,Web,North,18-24
104860,Regular,2023-01-17,2023-10-29,App,South,45-54
104861,Bargain,2023-01-14,2024-09-27,App,West,25-34
104862,Regular,2023-05-19,2023-10-23,App,West,55+
104863,Regular,2023-02-06,2024-12-16,Web,South,45-54
104864,Regular,2023-06-28,2023-07-26,Store,South,25-34
104865,Value,2023-01-04,2024-12-16,Web,West,45-54
104866,Regular,2023-05-14,2023-10-23,Web,West,35-44
104867,Regular,2023-01-29,2024-12-11,Web,South,25-34
104868,Regular,2023-01-09,2024-12-10,App,South,35-44
104869,Regular,2023-02-10,2024-11-23,Web,West,35-44
104870,Regular,2023-01-20,2023-11-06,Web,East,45-54
104871,Regular,2023-03-17,2024-12-17,Web,North,25-34
104872,Regular,2023-02-09,2024-10-30,Web,North,25-34
104873,Regular,2023-01-09,2023-10-22,App,East,25-34
104874,Regular,2023-03-12,2024-08-12,App,West,25-34
104875,Regular,2023-03-03,2024-10-25,Web,West,18-24
104876,Regular,2023-04-11,2024-10-11,Web,East,25-34
104877,Regular,2023-02-18,2024-12-09,Web,West,18-24
104878,Regular,2023-01-16,2024-10-26,App,North,35-44
104879,Regular,2023-01-14,2024-12-03,App,South,55+
104880,Value,2023-01-11,2024-09-16,Web,West,45-54
104881,Regular,2023-01-05,2024-10-22,Web,East,18-24
104882,Regular,2023-01-11,2024-11-19,Web,North,45-54
104883,Regular,2023-03-21,2024-06-21,App,East,35-44
104884,Bargain,2023-03-25,2024-04-19,App,East,35-44
104885,Bargain,2023-09-07,2024-11-08,Web,North,25-34
104886,Value,2023-04-07,2024-12-07,App,South,25-34
104887,Regular,2023-01-22,2024-12-20,App,West,25-34
104888,Regular,2023-02-22,2023-08-20,App,East,35-44
104889,Bargain,2023-02-14,2024-10-10,App,East,25-34
104890,Regular,2023-01-13,2024-12-07,App,East,25-34
104891,Regular,2023-02-17,2024-12-03,App,South,55+
104892,Regular,2023-01-06,2024-02-06,Web,East,35-44
104893,Regular,2023-01-19,2024-10-04,Web,South,25-34
104894,Regular,2023-05-04,2024-12-07,App,West,25-34
104895,Regular,2023-03-04,2024-12-07,Web,South,55+
104896,Regular,2023-02-03,2024-12-21,App,East,35-44
104897,Regular,2023-01-09,2024-12-06,Store,East,25-34
104898,Bargain,2023-02-11,2024-10-26,App,East,55+
104899,Regular,2023-03-24,2024-10-29,App,South,25-34
104900,Regular,2023-05-20,2024-03-04,Web,South,45-54
104901,Regular,2023-02-23,2023-11-28,Web,West,55+
104902,Value,2023-01-05,2024-12-25,Store,East,25-34
104903,Bargain,2023-01-26,2024-10-23,Web,South,25-34
104904,Regular,2023-07-23,2024-08-16,Web,West,45-54
104905,Regular,2023-04-27,2024-12-29,Web,South,55+
104906,Bargain,2023-05-01,2024-07-08,Web,East,35-44
104907,Value,2023-01-07,2024-12-08,Store,West,25-34
104908,Regular,2023-01-03,2024-08-15,Web,East,25-34
104909,Regular,2023-01-31,2024-12-07,App,East,35-44
104910,Value,2023-02-25,2024-11-14,App,South,25-34
104911,Regular,2023-02-13,2024-12-28,App,West,35-44
104912,Regular,2023-03-05,2024-10-01,Web,West,45-54
104913,Bargain,2023-06-14,2023-12-07,App,North,45-54
104914,Regular,2023-02-13,2024-11-22,App,East,25-34
104915,Bargain,2023-04-24,2024-02-20,App,West,35-44
104916,Regular,2023-02-27,2024-11-30,App,South,35-44
104917,Regular,2023-02-24,2024-11-15,App,East,25-34
104918,Bargain,2023-02-27,2024-01-01,Web,East,25-34
104919,Regular,2023-02-03,2024-11-20,App,South,55+
104920,Regular,2023-01-15,2023-10-10,App,North,45-54
104921,Value,2023-02-15,2024-12-28,App,South,35-44
104922,Regular,2023-01-05,2024-11-08,App,North,45-54
104923,Bargain,2023-01-01,2024-03-02,App,North,25-34
104924,Regular,2023-01-25,2024-10-31,Web,West,45-54
104925,Regular,2023-01-31,2024-11-02,App,South,35-44
104926,Regular,2023-01-06,2024-12-19,App,West,18-24
104927,Regular,2023-04-19,2023-09-19,Web,East,55+
104928,Regular,2023-01-15,2024-11-01,Web,West,25-34
104929,Regular,2023-01-31,2024-11-05,App,North,18-24
104930,Regular,2023-01-08,2024-05-07,Web,South,25-34
104931,Regular,2023-01-21,2024-12-29,Web,South,35-44
104932,Regular,2023-01-25,2024-11-11,App,South,45-54
104933,Regular,2023-06-24,2023-12-20,App,North,25-34
104934,Regular,2023-01-25,2024-07-11,App,East,18-24
104935,Value,2023-02-06,2023-11-27,Store,South,25-34
104936,Regular,2023-03-25,2024-01-24,App,East,18-24
104937,Regular,2023-01-05,2024-01-10,Web,West,25-34
104938,Regular,2023-01-20,2024-12-02,Web,West,35-44
104939,Value,2023-01-30,2024-12-02,Web,South,45-54
104940,Bargain,2023-04-07,2024-04-29,App,South,35-44
104941,Value,2023-01-17,2024-06-27,App,North,35-44
104942,Regular,2023-01-20,2024-12-05,App,West,25-34
104943,Bargain,2023-01-26,2024-12-20,App,East,35-44
104944,Regular,2023-01-22,2024-01-17,App,East,25-34
104945,Bargain,2023-03-21,2024-01-02,App,East,35-44
104946,Regular,2023-03-12,2024-12-07,App,East,35-44
104947,Regular,2023-03-15,2023-09-23,Web,South,25-34
104948,Regular,2023-01-10,2024-12-12,Web,West,35-44
104949,Regular,2023-01-05,2024-07-08,App,East,25-34
104950,Regular,2023-09-24,2024-02-05,Store,South,45-54
104951,Regular,2023-01-22,2024-12-11,Web,North,25-34
104952,Regular,2023-01-27,2024-09-02,Web,North,25-34
104953,Bargain,2023-04-24,2024-11-07,App,West,18-24
104954,Regular,2023-01-07,2024-11-30,Web,North,35-44
104955,Regular,2023-02-01,2024-10-11,Web,East,18-24
104956,Bargain,2023-02-28,2024-10-09,App,North,45-54
104957,Regular,2023-01-26,2024-12-12,App,West,45-54
104958,Regular,2023-01-12,2024-11-16,App,East,25-34
104959,Regular,2023-02-02,2024-05-13,App,West,35-44
104960,Value,2023-01-04,2024-12-30,App,East,45-54
104961,Value,2023-01-30,2024-12-31,Web,West,35-44
104962,Regular,2023-01-14,2024-10-26,App,North,25-34
104963,Regular,2023-01-29,2024-10-27,App,West,18-24
104964,Regular,2023-01-07,2024-09-21,Web,West,25-34
104965,Value,2023-01-18,2023-11-11,Web,West,45-54
104966,Regular,2023-01-13,2024-10-20,Web,South,35-44
104967,Regular,2023-01-15,2024-09-01,App,South,25-34
104968,Value,2023-01-03,2024-08-18,Store,East,35-44
104969,Regular,2023-03-03,2024-12-27,App,West,35-44
104970,Regular,2023-01-06,2024-08-20,App,North,35-44
104971,Value,2023-02-02,2024-07-23,App,East,25-34
104972,Regular,2023-03-18,2024-12-24,App,West,25-34
104973,Bargain,2023-01-19,2023-12-12,Web,West,45-54
104974,Regular,2023-01-01,2024-09-21,App,West,18-24
104975,Regular,2023-01-01,2024-04-28,App,West,35-44
104976,Regular,2023-02-06,2024-12-12,Web,North,25-34
104977,Regular,2023-02-25,2024-11-22,App,East,35-44
104978,Bargain,2023-04-15,2024-07-13,App,South,45-54
104979,Bargain,2023-04-21,2023-11-19,App,North,45-54
104980,Bargain,2023-02-09,2024-05-06,App,East,35-44
104981,Regular,2023-01-17,2023-10-01,Store,South,35-44
104982,Regular,2023-01-15,2024-11-14,App,East,25-34
104983,Value,2023-01-08,2024-12-27,Web,East,35-44
104984,Regular,2023-01-31,2024-09-16,App,West,55+
104985,Regular,2023-02-01,2024-12-12,Web,North,35-44
104986,Regular,2023-08-23,2024-10-18,App,East,35-44
104987,Value,2023-01-30,2024-11-11,Web,East,35-44
104988,Bargain,2023-06-01,2024-07-20,App,North,25-34
104989,Value,2023-02-04,2024-07-05,App,South,35-44
104990,Value,2023-02-03,2023-12-05,App,East,35-44
104991,Bargain,2023-02-25,2024-06-10,App,East,25-34
104992,Regular,2023-03-07,2024-10-30,App,North,35-44
104993,Regular,2023-03-09,2024-03-15,Web,West,45-54
104994,Regular,2023-01-31,2024-11-21,Web,South,25-34
104995,Regular,2023-06-07,2024-08-22,Web,West,18-24
104996,Value,2023-01-25,2024-12-12,Web,East,35-44
104997,Regular,2023-03-17,2023-11-05,App,South,25-34
104998,Regular,2023-01-13,2024-11-26,App,North,25-34
104999,Regular,2023-01-02,2024-12-26,Web,North,35-44
